# Blender 4.5.0
# www.blender.org
mtllib tripo_convert_79d81fe0-b50d-48fe-b8f7-efa0299e60e9.mtl
o tripo_node_79d81fe0-b50d-48fe-b8f7-efa0299e60e9
v 0.015743 -0.442932 0.150391
v 0.015743 -0.457581 0.099113
v 0.015743 -0.463074 0.069817
v 0.017574 0.370087 -0.259796
v 0.017574 0.377411 -0.237808
v 0.017574 0.382904 -0.215836
v 0.019405 0.346283 -0.300079
v 0.019405 0.359100 -0.279938
v 0.019405 0.386566 -0.186539
v 0.019405 -0.468567 0.024040
v 0.021236 0.313324 -0.338531
v 0.021236 0.329803 -0.320221
v 0.021236 0.384735 -0.155411
v 0.023067 0.002018 0.315186
v 0.023067 0.273010 -0.373322
v 0.023067 0.293152 -0.356842
v 0.023067 0.327972 0.437866
v 0.023067 0.371918 0.227295
v 0.023067 0.371918 -0.094986
v 0.023067 0.379242 -0.124283
v 0.023067 -0.089539 0.371948
v 0.023067 -0.413635 -0.358673
v 0.024899 0.252869 -0.389801
v 0.024899 0.359100 0.223633
v 0.024899 0.364594 -0.065689
v 0.026730 0.207108 -0.419098
v 0.026730 0.230911 -0.404449
v 0.026730 0.353607 -0.038219
v 0.026730 0.357269 0.216309
v 0.026730 -0.106018 0.381104
v 0.026730 -0.153625 0.393921
v 0.026730 -0.398987 -0.375153
v 0.026730 -0.424622 -0.344025
v 0.028561 0.183304 -0.431915
v 0.028561 0.274841 0.086296
v 0.028561 -0.184753 0.395752
v 0.028561 -0.215881 0.393921
v 0.030392 0.159500 -0.442902
v 0.030392 0.340790 -0.010752
v 0.030392 -0.029110 0.335327
v 0.030392 -0.437439 -0.320221
v 0.032223 0.133865 -0.452057
v 0.032223 0.326141 0.016714
v 0.032223 0.349945 0.192505
v 0.032223 -0.124329 0.386597
v 0.032223 -0.450256 0.128418
v 0.034054 0.106392 -0.459381
v 0.034054 0.243729 0.338989
v 0.034054 0.289490 0.069817
v 0.034054 0.307800 0.044182
v 0.035885 0.077095 -0.464874
v 0.037716 0.044132 -0.468536
v 0.037716 0.051460 0.262085
v 0.037716 0.058784 0.258423
v 0.037716 0.077095 0.256592
v 0.037716 0.097237 0.245605
v 0.037716 0.110054 0.252930
v 0.037716 0.252869 0.348145
v 0.037716 0.338959 0.441528
v 0.037716 -0.448425 -0.292755
v 0.039547 0.005681 -0.470367
v 0.039547 0.047798 0.273071
v 0.039547 0.143021 0.274902
v 0.039547 0.186966 0.342651
v 0.039547 0.236404 0.337158
v 0.039547 0.300476 0.113762
v 0.039547 0.381073 -0.212173
v 0.039547 -0.380676 -0.389801
v 0.041378 0.042301 0.280396
v 0.041378 0.375580 -0.234146
v 0.041378 -0.034603 -0.470367
v 0.041378 -0.325745 0.337158
v 0.041378 -0.459412 -0.259796
v 0.041378 -0.474060 -0.091324
v 0.043209 0.034977 0.289551
v 0.043209 0.130203 0.287720
v 0.043209 0.218094 0.320679
v 0.043209 0.368256 -0.256134
v 0.043209 -0.076721 -0.468536
v 0.043209 -0.342224 -0.411774
v 0.043209 -0.364197 -0.400787
v 0.043209 -0.466736 -0.226822
v 0.045040 0.357269 -0.276276
v 0.045040 -0.120667 -0.464874
v 0.045040 -0.162781 -0.459381
v 0.045040 -0.203064 -0.452057
v 0.045040 -0.239685 -0.444733
v 0.045040 -0.278137 -0.433746
v 0.045040 -0.316589 -0.420929
v 0.045040 -0.413635 -0.356842
v 0.046871 0.022161 0.300537
v 0.046871 0.135696 0.395752
v 0.046871 0.344452 -0.296417
v 0.046871 0.382904 -0.182877
v 0.046871 -0.093201 0.373779
v 0.048702 0.080757 0.340820
v 0.048702 0.082588 0.344482
v 0.048702 0.084419 0.335327
v 0.048702 0.086250 0.348145
v 0.048702 0.095406 0.359131
v 0.048702 0.108223 0.373779
v 0.048702 0.121040 0.388428
v 0.048702 0.128372 0.395752
v 0.048702 0.210770 0.318848
v 0.048702 0.329803 -0.316559
v 0.048702 0.381073 -0.151749
v 0.048702 0.381073 -0.210342
v 0.048702 -0.470398 -0.012583
v 0.050533 0.349945 0.234619
v 0.050533 0.360931 0.238281
v 0.050533 0.375580 -0.120621
v 0.050533 0.375580 -0.232315
v 0.050533 -0.344055 0.317017
v 0.050533 -0.424622 -0.340363
v 0.052364 0.311493 -0.336700
v 0.052364 0.368256 -0.089493
v 0.052364 0.368256 -0.254303
v 0.054195 0.002018 0.313354
v 0.054195 0.267517 0.088127
v 0.054195 0.291321 -0.355011
v 0.054195 0.342621 0.185181
v 0.054195 0.346283 0.227295
v 0.054195 0.357269 -0.274445
v 0.054195 0.359100 -0.060192
v 0.054195 0.364594 0.049675
v 0.054195 0.370087 0.047844
v 0.054195 0.375580 0.051506
v 0.054195 0.384735 0.060661
v 0.054195 0.399384 0.075310
v 0.054195 0.412201 0.089958
v 0.054195 0.419525 0.110100
v 0.054195 -0.472229 -0.190201
v 0.056026 0.113716 0.245605
v 0.056026 0.344452 -0.294586
v 0.056026 0.375580 -0.219498
v 0.056026 0.381073 -0.181046
v 0.056026 -0.360535 0.295044
v 0.056026 -0.437439 -0.316559
v 0.056026 -0.474060 -0.151749
v 0.057858 0.100899 0.240112
v 0.057858 0.269348 -0.373322
v 0.057858 0.329803 -0.314728
v 0.057858 0.348114 -0.032726
v 0.057858 0.368256 -0.243301
v 0.057858 0.379242 -0.151749
v 0.057858 -0.188416 0.393921
v 0.057858 -0.217712 0.392090
v 0.059689 0.245560 -0.391632
v 0.059689 0.404877 0.408569
v 0.059689 0.419525 0.100945
v 0.059689 0.443329 0.315186
v 0.059689 -0.157288 0.392090
v 0.059689 -0.237854 0.388428
v 0.059689 -0.259827 0.381104
v 0.059689 -0.378845 0.271240
v 0.061520 0.060616 0.256592
v 0.061520 0.078926 0.252930
v 0.061520 0.258362 0.326172
v 0.061520 0.311493 -0.334869
v 0.061520 0.337128 0.205322
v 0.061520 0.357269 -0.265289
v 0.061520 0.373749 -0.118790
v 0.061520 -0.283630 0.370117
v 0.061520 -0.395325 -0.373322
v 0.063354 0.053291 0.260254
v 0.063354 0.219925 -0.408112
v 0.063354 0.291321 -0.353180
v 0.063354 0.335297 -0.005259
v 0.063354 0.346283 -0.289093
v 0.063354 0.366425 -0.089493
v 0.063354 -0.027279 0.331665
v 0.065186 0.047798 0.269409
v 0.065186 -0.111511 0.379272
v 0.065186 -0.450256 -0.281769
v 0.067017 0.192459 -0.422760
v 0.067017 0.252869 0.322510
v 0.067017 0.269348 -0.371490
v 0.067017 0.320648 0.020376
v 0.067017 0.329803 -0.311066
v 0.067017 0.357269 -0.060192
v 0.067017 -0.395325 0.245605
v 0.068848 0.044132 0.276733
v 0.068848 0.164993 -0.435577
v 0.068848 0.267517 0.333496
v 0.068848 0.283997 0.071648
v 0.068848 0.304138 0.046013
v 0.068848 0.329803 -0.305573
v 0.068848 0.333466 0.249268
v 0.068848 0.362762 -0.232315
v 0.070679 0.236404 0.306030
v 0.070679 0.245560 -0.389801
v 0.070679 0.307800 -0.334869
v 0.070679 0.364594 -0.091324
v 0.070679 0.366425 -0.208511
v 0.070679 -0.461243 -0.245132
v 0.072510 0.034977 0.285889
v 0.072510 0.139359 -0.446564
v 0.072510 0.154007 0.262085
v 0.072510 0.329803 0.243774
v 0.072510 0.344452 -0.030893
v 0.072510 0.368256 -0.124283
v 0.072510 0.368256 -0.181046
v 0.072510 0.370087 -0.153580
v 0.072510 -0.314758 0.344482
v 0.072510 -0.409973 -0.355011
v 0.072510 -0.411804 0.214478
v 0.072510 -0.426453 0.185181
v 0.074341 0.219925 -0.406281
v 0.074341 0.274841 0.309692
v 0.074341 0.282166 -0.358673
v 0.074341 0.309631 -0.327545
v 0.074341 0.353607 -0.058361
v 0.074341 -0.184753 0.392090
v 0.074341 -0.219543 0.390259
v 0.074341 -0.338562 0.320679
v 0.074341 -0.373352 -0.389801
v 0.076172 0.013005 -0.466705
v 0.076172 0.106392 0.229126
v 0.076172 0.111885 -0.453888
v 0.076172 0.121040 0.234619
v 0.076172 0.287659 0.126587
v 0.076172 0.337128 -0.279938
v 0.076172 0.346283 0.252930
v 0.076172 -0.089539 0.366455
v 0.076172 -0.248840 0.382935
v 0.076172 -0.468567 -0.208511
v 0.078003 0.020329 0.296875
v 0.078003 0.192459 -0.420929
v 0.078003 0.252869 0.093620
v 0.078003 0.252869 -0.380646
v 0.078003 0.285828 -0.347687
v 0.078003 0.313324 0.269409
v 0.078003 0.340790 -0.030893
v 0.079834 0.082588 -0.459381
v 0.079834 0.141190 0.276733
v 0.079834 0.199783 0.328003
v 0.079834 0.269348 0.306030
v 0.079834 0.293152 0.291382
v 0.079834 0.326141 0.276733
v 0.079834 0.342621 -0.256134
v 0.079834 -0.025448 -0.468536
v 0.079834 -0.142639 0.386597
v 0.079834 -0.276306 0.370117
v 0.079834 -0.424622 -0.331207
v 0.081665 0.164993 -0.433746
v 0.081665 0.230911 0.296875
v 0.081665 0.322479 0.205322
v 0.081665 0.348114 -0.063858
v 0.081665 -0.175598 0.388428
v 0.081665 -0.217712 0.386597
v 0.081665 -0.298279 0.357300
v 0.081665 -0.351379 -0.402618
v 0.083496 0.080757 0.249268
v 0.083496 0.225418 -0.397125
v 0.083496 0.254700 0.285889
v 0.083496 0.256531 -0.371490
v 0.083496 0.285828 0.318848
v 0.083496 0.309631 0.263916
v 0.083496 0.309631 -0.309235
v 0.083496 0.318817 0.223633
v 0.083496 0.327972 -0.001596
v 0.083496 0.346283 -0.232315
v 0.083496 -0.067566 -0.466705
v 0.083496 -0.250671 0.377441
v 0.083496 -0.360535 0.293213
v 0.083496 -0.439270 0.154053
v 0.085327 0.000187 0.309692
v 0.085327 0.047798 -0.463043
v 0.085327 0.062447 0.252930
v 0.085327 0.137527 -0.444733
v 0.085327 0.267517 -0.356842
v 0.085327 0.287659 0.285889
v 0.085327 0.305969 0.298706
v 0.085327 0.313324 0.025871
v 0.085327 0.351776 -0.093155
v 0.085327 -0.113342 -0.463043
v 0.085327 -0.325745 -0.413605
v 0.085327 -0.439270 -0.298248
v 0.087158 0.053291 0.256592
v 0.087158 0.229080 -0.387970
v 0.087158 0.282166 0.071648
v 0.087158 0.349945 -0.208511
v 0.087158 0.353607 -0.122452
v 0.087158 -0.159119 -0.457550
v 0.087158 -0.278137 0.362793
v 0.087158 -0.289124 -0.426422
v 0.088989 0.108223 -0.452057
v 0.088989 0.196121 -0.413605
v 0.088989 0.296814 0.049675
v 0.088989 0.309631 0.024040
v 0.088989 0.318817 -0.281769
v 0.088989 0.322479 -0.005259
v 0.088989 0.353607 -0.181046
v 0.088989 0.355438 -0.153580
v 0.088989 -0.177429 0.382935
v 0.088989 -0.204895 -0.448395
v 0.088989 -0.217712 0.377441
v 0.088989 -0.245178 0.370117
v 0.088989 -0.247009 -0.439240
v 0.088989 -0.331238 0.324341
v 0.090820 0.049629 0.265747
v 0.090820 0.146683 0.384766
v 0.090820 0.355438 0.058830
v 0.090820 0.421356 0.328003
v 0.090820 -0.029110 0.328003
v 0.090820 -0.309265 0.337158
v 0.090820 -0.382507 0.262085
v 0.090820 -0.388000 -0.371490
v 0.092651 0.002018 -0.466705
v 0.092651 0.111885 0.214478
v 0.092651 0.130203 0.221802
v 0.092651 0.166824 -0.426422
v 0.092651 0.238235 -0.371490
v 0.092651 0.357269 0.406738
v 0.092651 0.362762 0.056999
v 0.092651 0.366425 0.060661
v 0.092651 0.375580 0.071648
v 0.092651 0.390228 0.086296
v 0.092651 0.403046 0.100945
v 0.092651 -0.274475 0.351807
v 0.092651 -0.402649 0.229126
v 0.092651 -0.463074 0.053337
v 0.092651 -0.470398 -0.054699
v 0.094482 0.044132 0.273071
v 0.094482 0.078926 -0.455719
v 0.094482 0.091743 0.329834
v 0.094482 0.091743 0.333496
v 0.094482 0.095406 0.324341
v 0.094482 0.095406 0.338989
v 0.094482 0.104561 0.348145
v 0.094482 0.119209 0.362793
v 0.094482 0.132034 0.377441
v 0.094482 0.139359 0.384766
v 0.094482 0.197952 -0.402618
v 0.094482 0.273010 0.267578
v 0.094482 0.324310 -0.257965
v 0.094482 0.408539 0.121086
v 0.094482 -0.142639 0.379272
v 0.094482 -0.355042 0.295044
v 0.094482 -0.450256 0.119255
v 0.094482 -0.450256 -0.261627
v 0.096313 0.137527 -0.437408
v 0.096313 0.170486 0.245605
v 0.096313 0.236404 0.102776
v 0.096313 0.273010 -0.331207
v 0.096313 0.294983 0.247437
v 0.096313 0.326141 -0.032726
v 0.096313 -0.122498 0.375610
v 0.096313 -0.457581 0.088127
v 0.096313 -0.470398 -0.160904
v 0.096313 -0.472229 -0.116959
v 0.098145 0.258362 0.269409
v 0.098145 0.289490 -0.307404
v 0.098145 0.327972 -0.234146
v 0.098145 0.392059 0.375610
v 0.098145 -0.040096 -0.466705
v 0.098145 -0.301941 0.329834
v 0.098145 -0.338562 0.304199
v 0.098145 -0.404480 -0.349518
v 0.098145 -0.420959 0.192505
v 0.098145 -0.459412 -0.226822
v 0.099976 0.000187 -0.463043
v 0.099976 0.034977 0.282227
v 0.099976 0.166824 -0.415436
v 0.099976 0.273010 0.073479
v 0.099976 0.331635 -0.060192
v 0.099976 0.331635 -0.208511
v 0.099976 0.408539 0.111931
v 0.099976 -0.466736 0.013053
v 0.101807 0.040470 -0.457550
v 0.101807 0.208939 -0.384308
v 0.101807 0.291321 0.236450
v 0.101807 0.298645 -0.281769
v 0.101807 0.335297 -0.089493
v 0.101807 0.335297 -0.182877
v 0.101807 -0.085876 -0.463043
v 0.101807 -0.358704 -0.393463
v 0.101807 -0.375183 0.263916
v 0.101807 -0.422791 -0.318390
v 0.101807 -0.439270 0.148560
v 0.103638 0.283997 0.049675
v 0.103638 0.337128 -0.120621
v 0.103638 0.337128 -0.151749
v 0.103638 -0.464905 -0.192032
v 0.105469 0.084419 0.241943
v 0.105469 0.106392 -0.444733
v 0.105469 0.121040 0.196167
v 0.105469 0.139359 0.208984
v 0.105469 0.269348 0.144897
v 0.105469 -0.041927 -0.463043
v 0.105469 -0.133484 -0.459381
v 0.105469 -0.333069 -0.408112
v 0.105469 -0.362366 0.269409
v 0.105469 -0.400818 0.225464
v 0.105469 -0.437439 -0.285431
v 0.105469 -0.461243 0.053337
v 0.107300 0.018497 0.293213
v 0.107300 0.135696 -0.424591
v 0.107300 0.293152 0.025871
v 0.107300 0.302307 -0.257965
v 0.107300 -0.181091 -0.452057
v 0.107300 -0.303772 -0.420929
v 0.107300 -0.420959 0.187012
v 0.107300 -0.452087 0.099113
v 0.109131 0.000187 -0.457550
v 0.109131 0.064278 0.247437
v 0.109131 0.155838 0.262085
v 0.109131 0.177811 -0.395294
v 0.109131 0.219925 0.307861
v 0.109131 0.221756 -0.362335
v 0.109131 0.238235 -0.345856
v 0.109131 -0.087708 -0.461212
v 0.109131 -0.177429 0.366455
v 0.109131 -0.225037 -0.442902
v 0.109131 -0.265320 -0.431915
v 0.109131 -0.377014 -0.371490
v 0.109131 -0.437439 0.141235
v 0.109131 -0.450256 -0.241470
v 0.109131 -0.464905 0.005728
v 0.110962 0.216263 0.110100
v 0.110962 0.300476 0.000235
v 0.110962 0.305969 -0.235977
v 0.110962 -0.386169 0.232788
v 0.110962 -0.402649 -0.340363
v 0.110962 -0.459412 0.040520
v 0.110962 -0.468567 -0.073013
v 0.112793 0.055122 0.251099
v 0.112793 0.260193 -0.309235
v 0.112793 0.309631 -0.210342
v 0.112793 0.311493 -0.182877
v 0.112793 0.371918 0.404907
v 0.112793 -0.040096 -0.455719
v 0.112793 -0.137146 -0.455719
v 0.112793 -0.217712 0.355469
v 0.112793 -0.344055 -0.397125
v 0.112793 -0.417297 0.179688
v 0.112793 -0.431946 0.135742
v 0.112793 -0.444763 0.093620
v 0.112793 -0.468567 -0.137100
v 0.114624 0.188797 0.227295
v 0.114624 0.274841 -0.283600
v 0.114624 0.305969 -0.027231
v 0.114624 -0.095032 0.359131
v 0.114624 -0.184753 -0.448395
v 0.114624 -0.256165 0.335327
v 0.114624 -0.420959 -0.307404
v 0.114624 -0.453918 0.040520
v 0.114624 -0.459412 -0.193863
v 0.114624 -0.464905 -0.137100
v 0.114624 -0.466736 -0.073013
v 0.116455 0.049629 0.258423
v 0.116455 0.154007 0.194336
v 0.116455 0.313324 -0.151749
v 0.116455 -0.034603 0.326172
v 0.116455 -0.084045 -0.452057
v 0.116455 -0.118835 0.366455
v 0.116455 -0.305603 -0.417267
v 0.116455 -0.435608 -0.274445
v 0.116455 -0.448425 -0.234146
v 0.116455 -0.457581 -0.018076
v 0.118286 0.071602 -0.448395
v 0.118286 0.104561 -0.430084
v 0.118286 0.135696 0.177856
v 0.118286 0.146683 -0.402618
v 0.118286 0.278503 -0.261627
v 0.118286 0.311493 -0.054699
v 0.118286 0.315155 -0.085831
v 0.118286 0.315155 -0.118790
v 0.118286 -0.003475 0.306030
v 0.118286 -0.133484 -0.446564
v 0.118286 -0.228699 -0.439240
v 0.118286 -0.268982 -0.430084
v 0.118286 -0.296448 0.306030
v 0.118286 -0.340393 -0.389801
v 0.118286 -0.369690 -0.365997
v 0.118286 -0.408142 0.185181
v 0.118286 -0.457581 -0.140762
v 0.118286 -0.459412 -0.087662
v 0.120117 0.254700 0.073479
v 0.120117 -0.184753 -0.439240
v 0.120117 -0.307434 -0.408112
v 0.120117 -0.373352 0.227295
v 0.120117 -0.397156 -0.333038
v 0.120117 -0.450256 -0.193863
v 0.121948 0.044132 0.265747
v 0.121948 0.221756 -0.334869
v 0.121948 0.282166 -0.237808
v 0.121948 -0.228699 -0.431915
v 0.121948 -0.270813 -0.420929
v 0.121948 -0.422791 -0.290924
v 0.121948 -0.439270 -0.246964
v 0.123779 0.183304 -0.371490
v 0.123779 0.197952 0.122917
v 0.123779 0.207108 0.207153
v 0.123779 0.251038 0.161377
v 0.123779 0.263855 0.053337
v 0.123779 0.285828 -0.212173
v 0.123779 -0.333069 0.265747
v 0.125610 0.170486 0.174194
v 0.125610 0.243729 0.284058
v 0.125610 0.251038 -0.285431
v 0.125610 0.287659 -0.182877
v 0.125610 0.342621 0.073479
v 0.125610 -0.040096 -0.448395
v 0.125610 -0.140808 0.353638
v 0.125610 -0.400818 0.185181
v 0.125610 -0.420959 0.139404
v 0.127441 0.086250 0.230957
v 0.127441 0.163162 0.368286
v 0.127441 0.190628 -0.356842
v 0.127441 0.271179 0.031364
v 0.127441 -0.406311 -0.303741
v 0.127441 -0.420959 -0.272614
v 0.127441 -0.433777 -0.234146
v 0.129272 0.033146 0.274902
v 0.129272 0.221756 -0.311066
v 0.129272 0.289490 -0.151749
v 0.129272 0.348114 0.071648
v 0.129272 0.353607 0.077141
v 0.129272 0.362762 0.086296
v 0.129272 0.375580 0.100945
v 0.129272 0.388397 0.115593
v 0.129272 -0.177429 0.344482
v 0.129272 -0.389832 -0.325714
v 0.131104 0.110054 0.309692
v 0.131104 0.113716 -0.406281
v 0.131104 0.172318 0.245605
v 0.131104 0.254700 -0.263458
v 0.131104 0.269348 0.258423
v 0.131104 0.278503 0.005728
v 0.131104 0.392059 0.135742
v 0.131104 -0.386169 0.187012
v 0.131104 -0.430115 0.095451
v 0.132935 0.067940 0.238281
v 0.132935 0.071602 -0.430084
v 0.132935 0.106392 0.315186
v 0.132935 0.108223 0.317017
v 0.132935 0.111885 0.322510
v 0.132935 0.121040 0.331665
v 0.132935 0.135696 0.346313
v 0.132935 0.148514 0.360962
v 0.132935 0.155838 0.368286
v 0.132935 0.283997 -0.021738
v 0.132935 0.291321 -0.116959
v 0.132935 -0.080383 -0.439240
v 0.132935 -0.217712 0.328003
v 0.134766 0.000187 -0.448395
v 0.134766 0.031315 -0.448395
v 0.134766 0.227249 -0.287262
v 0.134766 0.258362 -0.241470
v 0.134766 0.287659 -0.051037
v 0.134766 0.291321 -0.084000
v 0.134766 -0.259827 0.302368
v 0.134766 -0.413635 0.144897
v 0.136597 0.038639 -0.444733
v 0.136597 0.058784 0.241943
v 0.136597 0.150345 0.159546
v 0.136597 0.181473 -0.342194
v 0.136597 0.392059 0.128418
v 0.136597 -0.120667 -0.430084
v 0.136597 -0.160950 -0.424591
v 0.136597 -0.345886 0.223633
v 0.136597 -0.435608 0.047844
v 0.138428 0.016666 0.285889
v 0.138428 0.262024 -0.215836
v 0.138428 -0.301941 0.263916
v 0.140259 0.143021 -0.376984
v 0.140259 0.232742 0.077141
v 0.140259 -0.040096 -0.441071
v 0.140259 -0.201233 -0.417267
v 0.140259 -0.237854 -0.408112
v 0.140259 -0.268982 -0.397125
v 0.140259 -0.298279 -0.384308
v 0.140259 -0.323914 -0.367828
v 0.140259 -0.345886 -0.347687
v 0.140259 -0.364197 -0.329376
v 0.140259 -0.393494 -0.283600
v 0.140259 -0.409973 -0.248795
v 0.140259 -0.439270 -0.003428
v 0.142090 0.230911 -0.267120
v 0.142090 0.240067 0.058830
v 0.142090 0.263855 -0.186539
v 0.142090 -0.117004 0.344482
v 0.142090 -0.380676 -0.303741
v 0.142090 -0.420959 -0.210342
v 0.142090 -0.431946 -0.166397
v 0.142090 -0.437439 -0.116959
v 0.142090 -0.439270 -0.062023
v 0.143921 0.051460 0.249268
v 0.143921 0.181473 -0.318390
v 0.143921 0.188797 0.229126
v 0.143921 0.203445 -0.290924
v 0.143921 -0.397156 0.137573
v 0.143921 -0.420959 0.106438
v 0.145752 0.144852 -0.364166
v 0.145752 0.247391 0.036858
v 0.145752 0.265686 -0.153580
v 0.145752 -0.036434 0.318848
v 0.145752 -0.415466 0.115593
v 0.147583 0.078926 -0.408112
v 0.147583 0.234573 -0.245132
v 0.147583 -0.140808 0.329834
v 0.149414 0.044132 0.256592
v 0.149414 0.088081 0.214478
v 0.149414 0.252869 0.011222
v 0.149414 0.267517 -0.116959
v 0.149414 -0.084045 0.342651
v 0.151245 0.236404 -0.219498
v 0.151245 0.258362 -0.018076
v 0.151245 0.263855 -0.049206
v 0.151245 0.265686 -0.082169
v 0.151245 -0.080383 -0.430084
v 0.151245 -0.426453 0.064323
v 0.153076 0.038639 -0.424591
v 0.153076 0.143021 -0.349518
v 0.153076 0.205276 -0.270782
v 0.153076 -0.005306 0.296875
v 0.153076 -0.177429 0.315186
v 0.153076 -0.351379 0.177856
v 0.153076 -0.404480 0.093620
v 0.154907 0.179642 -0.294586
v 0.154907 0.188797 0.113762
v 0.154907 -0.420959 0.066154
v 0.154907 -0.430115 0.020376
v 0.156738 0.033146 0.265747
v 0.156738 0.071602 0.223633
v 0.156738 0.208939 0.084465
v 0.156738 0.240067 -0.190201
v 0.156738 0.326141 0.089958
v 0.156738 -0.120667 -0.419098
v 0.156738 -0.160950 -0.413605
v 0.156738 -0.217712 0.289551
v 0.158569 0.183304 0.348145
v 0.158569 -0.197571 -0.406281
v 0.158569 -0.228699 -0.398956
v 0.158569 -0.259827 -0.387970
v 0.158569 -0.261658 0.254761
v 0.158569 -0.287292 -0.373322
v 0.158569 -0.305603 0.216309
v 0.158569 -0.314758 -0.356842
v 0.158569 -0.338562 -0.334869
v 0.158569 -0.360535 -0.309235
v 0.158569 -0.397156 -0.245132
v 0.160400 0.005681 -0.437408
v 0.160400 0.097237 -0.376984
v 0.160400 0.130203 0.289551
v 0.160400 0.143021 0.152222
v 0.160400 0.143021 -0.327545
v 0.160400 0.208939 -0.248795
v 0.160400 0.216263 0.064323
v 0.160400 0.241898 -0.155411
v 0.160400 0.371918 0.155884
v 0.160400 -0.118835 0.318848
v 0.160400 -0.380676 -0.279938
v 0.160400 -0.409973 0.047844
v 0.160400 -0.411804 -0.201187
v 0.162231 0.060616 0.229126
v 0.162231 0.329803 0.091789
v 0.162231 0.333466 0.095451
v 0.162231 0.342621 0.106438
v 0.162231 0.355438 0.121086
v 0.162231 0.368256 0.135742
v 0.162231 -0.420959 0.024040
v 0.162231 -0.422791 -0.148087
v 0.162231 -0.426453 0.007559
v 0.162231 -0.428284 -0.093155
v 0.162231 -0.430115 -0.040051
v 0.164062 0.014836 0.278564
v 0.164062 0.126541 0.295044
v 0.164062 0.175980 0.346313
v 0.164062 0.181473 -0.274445
v 0.164062 0.223587 0.042351
v 0.164062 -0.082214 0.329834
v 0.165894 0.128372 0.296875
v 0.165894 0.132034 0.302368
v 0.165894 0.141190 0.311523
v 0.165894 0.155838 0.326172
v 0.165894 0.155838 -0.298248
v 0.165894 0.168655 0.338989
v 0.165894 0.212601 -0.223160
v 0.165894 0.241898 -0.118790
v 0.165894 0.371918 0.148560
v 0.167725 0.049629 -0.398956
v 0.167725 0.091743 0.199829
v 0.167725 0.229080 0.014884
v 0.167725 0.234573 -0.014414
v 0.167725 0.238235 -0.047375
v 0.167725 0.241898 -0.082169
v 0.167725 -0.008968 -0.435577
v 0.167725 -0.355042 0.128418
v 0.167725 -0.409973 -0.003428
v 0.169556 0.051460 0.238281
v 0.169556 0.214432 -0.193863
v 0.169556 -0.041927 -0.430084
v 0.169556 -0.140808 0.298706
v 0.169556 -0.420959 -0.029062
v 0.169556 -0.424622 -0.104141
v 0.171387 0.099068 -0.360504
v 0.171387 -0.417297 -0.153580
v 0.171387 -0.424622 -0.063858
v 0.173218 0.185135 0.091789
v 0.173218 0.185135 -0.252472
v 0.173218 -0.080383 -0.420929
v 0.173218 -0.408142 -0.047375
v 0.173218 -0.408142 -0.195694
v 0.173218 -0.419128 -0.076675
v 0.175049 0.166824 0.115593
v 0.175049 0.216263 -0.159073
v 0.175049 -0.177429 0.274902
v 0.175049 -0.373352 -0.279938
v 0.175049 -0.391663 -0.241470
v 0.175049 -0.406311 -0.091324
v 0.175049 -0.417297 -0.129776
v 0.176880 0.009343 -0.413605
v 0.176880 0.044132 0.245605
v 0.176880 0.132034 -0.303741
v 0.176880 0.155838 -0.278107
v 0.176880 -0.274475 -0.371490
v 0.176880 -0.303772 -0.353180
v 0.176880 -0.307434 0.166870
v 0.176880 -0.351379 -0.309235
v 0.176880 -0.402649 -0.144424
v 0.176880 -0.402649 -0.190201
v 0.178711 0.075264 0.208984
v 0.178711 0.186966 -0.226822
v 0.178711 0.192459 0.071648
v 0.178711 -0.206726 -0.395294
v 0.178711 -0.239685 -0.386139
v 0.178711 -0.356873 0.078972
v 0.178711 -0.367859 -0.245132
v 0.178711 -0.367859 -0.276276
v 0.178711 -0.386169 -0.199356
v 0.178711 -0.386169 -0.237808
v 0.180542 0.135696 0.143066
v 0.180542 0.197952 0.047844
v 0.180542 0.218094 -0.120621
v 0.180542 -0.175598 -0.400787
v 0.180542 -0.217712 0.241943
v 0.180542 -0.261658 0.205322
v 0.180542 -0.327576 -0.333038
v 0.180542 -0.340393 -0.285431
v 0.182373 0.066109 -0.367828
v 0.182373 0.203445 0.326172
v 0.182373 0.216263 -0.084000
v 0.182373 0.349945 0.177856
v 0.182373 -0.118835 0.287720
v 0.182373 -0.272644 -0.367828
v 0.182373 -0.307434 -0.320221
v 0.182373 -0.377014 -0.171890
v 0.182373 -0.386169 -0.129776
v 0.184204 0.095406 0.183350
v 0.184204 0.152176 0.267578
v 0.184204 0.188797 -0.197525
v 0.184204 0.203445 0.020376
v 0.184204 0.208939 -0.010752
v 0.184204 0.212601 -0.045544
v 0.184204 -0.140808 -0.404449
v 0.184204 -0.236023 -0.382477
v 0.184204 -0.270813 -0.351349
v 0.184204 -0.356873 -0.217667
v 0.186035 0.062447 0.214478
v 0.186035 0.091743 -0.338531
v 0.186035 0.159500 -0.257965
v 0.186035 -0.041927 0.309692
v 0.186035 -0.192078 -0.393463
v 0.186035 -0.333069 -0.257965
v 0.187866 0.031315 0.254761
v 0.187866 0.108223 -0.311066
v 0.187866 0.132034 -0.283600
v 0.187866 0.144852 0.124748
v 0.187866 0.150345 0.271240
v 0.187866 0.161331 0.099113
v 0.187866 0.298645 0.117424
v 0.187866 -0.025448 -0.422760
v 0.187866 -0.221375 -0.373322
v 0.187866 -0.301941 -0.298248
v 0.187866 -0.356873 0.027702
v 0.189697 0.022161 -0.387970
v 0.189697 0.152176 0.274902
v 0.189697 0.155838 0.278564
v 0.189697 0.164993 0.289551
v 0.189697 0.177811 0.304199
v 0.189697 0.190628 0.317017
v 0.189697 0.197952 0.324341
v 0.189697 0.348114 0.170532
v 0.189697 -0.268982 -0.325714
v 0.191528 0.161331 -0.232315
v 0.191528 0.190628 -0.160904
v 0.191528 0.302307 0.117424
v 0.191528 0.305969 0.122917
v 0.191528 0.315155 0.132080
v 0.191528 0.327972 0.148560
v 0.191528 0.340790 0.161377
v 0.191528 -0.104187 -0.408112
v 0.191528 -0.309265 0.113762
v 0.193359 0.166824 0.078972
v 0.193359 -0.041927 -0.420929
v 0.193359 -0.140808 0.258423
v 0.193359 -0.144470 -0.398956
v 0.193359 -0.179260 -0.384308
v 0.193359 -0.234192 -0.345856
v 0.193359 -0.356873 -0.019907
v 0.195190 0.053291 0.221802
v 0.195190 0.062447 -0.349518
v 0.195190 0.077095 0.192505
v 0.195190 0.192459 -0.124283
v 0.195190 -0.356873 -0.062023
v 0.197021 0.013005 0.267578
v 0.197021 0.100899 0.165039
v 0.197021 0.133865 -0.261627
v 0.197021 0.172318 0.053337
v 0.197021 0.190628 -0.084000
v 0.197021 0.227249 0.302368
v 0.197021 -0.041927 0.298706
v 0.197021 -0.082214 0.280396
v 0.197021 -0.283630 -0.289093
v 0.197021 -0.355042 -0.104141
v 0.198853 0.108223 -0.289093
v 0.198853 0.163162 -0.201187
v 0.198853 0.177811 0.024040
v 0.198853 0.186966 -0.045544
v 0.198853 0.326141 0.201660
v 0.198853 -0.177429 0.225464
v 0.198853 -0.197571 -0.362335
v 0.198853 -0.263489 0.150391
v 0.200684 0.175980 0.243774
v 0.200684 0.183304 -0.008921
v 0.200684 -0.018124 -0.398956
v 0.200684 -0.111511 -0.402618
v 0.200684 -0.217712 0.188843
v 0.200684 -0.311096 -0.241470
v 0.202515 0.137527 0.110100
v 0.202515 -0.148132 -0.386139
v 0.202515 -0.309265 0.060661
v 0.202515 -0.333069 -0.182877
v 0.204346 0.064278 0.197998
v 0.204346 0.132034 0.141235
v 0.204346 0.135696 -0.235977
v 0.204346 0.139359 0.148560
v 0.204346 0.144852 0.124748
v 0.204346 0.164993 -0.166397
v 0.204346 0.166824 0.115593
v 0.204346 0.174149 0.247437
v 0.204346 0.192459 0.115593
v 0.204346 0.207108 0.207153
v 0.204346 0.221756 0.300537
v 0.204346 0.251038 0.159546
v 0.204346 -0.237854 -0.322052
v 0.206177 0.042301 0.230957
v 0.206177 0.058784 -0.331207
v 0.206177 0.175980 0.249268
v 0.206177 0.179642 0.254761
v 0.206177 0.188797 0.263916
v 0.206177 0.201614 0.278564
v 0.206177 0.214432 0.293213
v 0.206177 0.251038 0.276733
v 0.206177 0.274841 0.141235
v 0.206177 0.324310 0.196167
v 0.206177 -0.170105 -0.369659
v 0.208008 0.080757 0.174194
v 0.208008 0.106392 0.143066
v 0.208008 0.108223 -0.267120
v 0.208008 0.143021 0.086296
v 0.208008 0.164993 -0.127945
v 0.208008 0.278503 0.143066
v 0.208008 0.302307 0.225464
v 0.208008 0.304138 0.172363
v 0.208008 0.316986 0.187012
v 0.208008 -0.118835 0.245605
v 0.208008 -0.309265 -0.219498
v 0.209839 0.002018 -0.369659
v 0.209839 0.082588 -0.296417
v 0.209839 0.276672 0.251099
v 0.209839 0.282166 0.146729
v 0.209839 0.291321 0.157715
v 0.209839 -0.010799 0.280396
v 0.209839 -0.118835 -0.393463
v 0.209839 -0.309265 0.009391
v 0.211670 0.137527 -0.204849
v 0.211670 0.148514 0.058830
v 0.211670 0.164993 -0.085831
v 0.211670 -0.201233 -0.338531
v 0.211670 -0.263489 0.095451
v 0.211670 -0.272644 -0.267120
v 0.213501 0.154007 0.027702
v 0.213501 0.161331 -0.045544
v 0.213501 0.199783 0.219971
v 0.213501 0.247391 0.274902
v 0.213501 -0.065735 -0.408112
v 0.215332 0.053291 0.205322
v 0.215332 0.113716 0.119255
v 0.215332 0.157669 -0.007090
v 0.215332 0.201614 0.223633
v 0.215332 0.227249 0.252930
v 0.215332 0.240067 0.267578
v 0.215332 0.298645 0.221802
v 0.215332 -0.051083 -0.406281
v 0.215332 -0.140808 0.208984
v 0.215332 -0.148132 -0.373322
v 0.215332 -0.241516 -0.292755
v 0.215332 -0.309265 -0.040051
v 0.215332 -0.309265 -0.140762
v 0.217163 0.016666 -0.344025
v 0.217163 0.029486 0.240112
v 0.217163 0.110054 -0.241470
v 0.217163 0.139359 -0.170059
v 0.217163 0.205276 0.227295
v 0.217163 0.214432 0.238281
v 0.217163 0.225418 0.194336
v 0.217163 0.251038 0.166870
v 0.217163 0.273010 0.247437
v 0.217163 0.278503 0.197998
v 0.217163 0.291321 0.212646
v 0.217163 -0.041927 0.265747
v 0.217163 -0.177429 0.170532
v 0.217163 -0.219543 0.132080
v 0.217163 -0.309265 -0.085831
v 0.218994 0.055122 -0.307404
v 0.218994 0.066109 0.179688
v 0.218994 0.082588 -0.274445
v 0.218994 0.086250 0.152222
v 0.218994 0.252869 0.168701
v 0.218994 0.256531 0.172363
v 0.218994 0.265686 0.183350
v 0.218994 0.265686 0.240112
v 0.218994 -0.010799 0.273071
v 0.218994 -0.272644 -0.237808
v 0.220825 0.119209 0.093620
v 0.220825 0.139359 -0.131607
v 0.220825 0.227249 0.196167
v 0.220825 0.230911 0.199829
v 0.220825 0.240067 0.210815
v 0.220825 0.252869 0.225464
v 0.220825 -0.080383 0.238281
v 0.220825 -0.173767 -0.349518
v 0.222656 0.111885 -0.210342
v 0.222656 -0.106018 0.219971
v 0.222656 -0.263489 0.040520
v 0.224487 0.009343 0.256592
v 0.224487 0.124702 0.066154
v 0.224487 0.137527 -0.089493
v 0.224487 -0.040096 -0.380646
v 0.224487 -0.082214 -0.397125
v 0.224487 -0.124329 -0.378815
v 0.226318 0.084419 -0.246964
v 0.226318 0.093575 0.126587
v 0.226318 0.135696 -0.045544
v 0.226318 -0.203064 -0.311066
v 0.226318 -0.272644 -0.195694
v 0.228149 0.042301 0.214478
v 0.228149 0.055122 -0.279938
v 0.228149 0.056953 0.187012
v 0.228149 0.069771 0.157715
v 0.228149 0.111885 -0.175552
v 0.228149 0.128372 0.031364
v 0.228149 0.132034 -0.005259
v 0.228149 -0.226868 -0.274445
v 0.229980 -0.010799 0.251099
v 0.229980 -0.148132 -0.358673
v 0.229980 -0.219543 0.075310
v 0.229980 -0.263489 -0.012583
v 0.229980 -0.272644 -0.157242
v 0.231812 0.007512 0.251099
v 0.231812 0.097237 0.100945
v 0.231812 -0.041927 0.229126
v 0.231812 -0.118835 0.190674
v 0.231812 -0.140808 0.157715
v 0.231812 -0.175598 -0.331207
v 0.231812 -0.177429 0.113762
v 0.231812 -0.272644 -0.105972
v 0.233643 0.000187 -0.322052
v 0.233643 0.086250 -0.215836
v 0.233643 0.111885 -0.137100
v 0.233643 -0.027279 -0.351349
v 0.233643 -0.080383 0.201660
v 0.233643 -0.263489 -0.062023
v 0.235474 0.056953 -0.252472
v 0.235474 0.075264 0.132080
v 0.235474 0.111885 -0.094986
v 0.235474 -0.228699 -0.239639
v 0.237305 0.058784 0.163208
v 0.237305 0.100899 0.071648
v 0.237305 -0.071228 -0.387970
v 0.239136 0.009343 0.232788
v 0.239136 0.023993 0.230957
v 0.239136 0.045963 0.194336
v 0.239136 0.086250 -0.181046
v 0.239136 0.104561 0.035027
v 0.239136 0.106392 -0.005259
v 0.239136 0.110054 -0.049206
v 0.239136 -0.091370 -0.386139
v 0.239136 -0.127991 -0.364166
v 0.239136 -0.204895 -0.278107
v 0.239136 -0.219543 0.020376
v 0.240967 0.077095 0.106438
v 0.240967 -0.228699 -0.201187
v 0.242798 0.003849 -0.290924
v 0.242798 0.056953 -0.223160
v 0.242798 0.060616 0.135742
v 0.242798 0.086250 -0.142593
v 0.242798 -0.010799 0.218140
v 0.242798 -0.107849 0.170532
v 0.242798 -0.153625 0.099113
v 0.242798 -0.243347 -0.127945
v 0.244629 -0.041927 0.192505
v 0.244629 -0.058411 -0.358673
v 0.244629 -0.177429 0.056999
v 0.244629 -0.177429 -0.311066
v 0.244629 -0.228699 -0.162735
v 0.246460 0.047798 0.170532
v 0.246460 0.078926 0.077141
v 0.246460 0.086250 -0.100479
v 0.246460 -0.080383 0.166870
v 0.246460 -0.142639 0.102776
v 0.246460 -0.151794 -0.338531
v 0.246460 -0.208557 -0.245132
v 0.246460 -0.219543 -0.034557
v 0.248291 0.013005 -0.259796
v 0.248291 0.058784 -0.188370
v 0.248291 0.084419 -0.054699
v 0.248291 -0.118835 0.143066
v 0.248291 -0.190247 0.007559
v 0.250122 0.009343 0.205322
v 0.250122 0.029486 0.207153
v 0.250122 0.080757 0.036858
v 0.250122 0.082588 -0.008921
v 0.250122 -0.041927 -0.327545
v 0.250122 -0.104187 -0.371490
v 0.250122 -0.188416 -0.283600
v 0.250122 -0.203064 -0.040051
v 0.250122 -0.212219 -0.206680
v 0.250122 -0.219543 -0.084000
v 0.250122 -0.221375 -0.129776
v 0.251953 0.049629 0.141235
v 0.251953 0.058784 0.095451
v 0.251953 0.058784 -0.151749
v 0.251953 -0.010799 0.183350
v 0.253784 -0.029110 -0.296417
v 0.253784 -0.160950 0.044182
v 0.253784 -0.212219 -0.164566
v 0.255615 0.029486 -0.201187
v 0.255615 0.060616 -0.107803
v 0.255615 -0.041927 0.154053
v 0.255615 -0.084045 -0.365997
v 0.255615 -0.203064 -0.084000
v 0.255615 -0.208557 -0.126114
v 0.257446 0.009343 0.176025
v 0.257446 0.029486 0.185181
v 0.257446 0.060616 0.031364
v 0.257446 0.060616 -0.062023
v 0.257446 -0.016293 -0.263458
v 0.257446 -0.175598 -0.001596
v 0.257446 -0.190247 -0.043713
v 0.259277 0.002018 -0.224991
v 0.259277 0.033146 -0.164566
v 0.259277 0.044132 0.100945
v 0.259277 0.060616 -0.014414
v 0.261108 -0.117004 -0.355011
v 0.261108 -0.157288 -0.314728
v 0.262939 0.029486 0.159546
v 0.262939 0.034977 -0.118790
v 0.262939 -0.074890 -0.338531
v 0.262939 -0.091370 -0.351349
v 0.262939 -0.173767 -0.285431
v 0.262939 -0.188416 -0.250641
v 0.264771 0.003849 0.144897
v 0.264771 0.003849 -0.184708
v 0.264771 0.038639 -0.071182
v 0.264771 0.040470 -0.021738
v 0.264771 0.042301 0.027702
v 0.264771 -0.131653 -0.340363
v 0.264771 -0.193909 -0.212173
v 0.266602 0.025824 0.132080
v 0.266602 -0.109680 -0.336700
v 0.266602 -0.124329 0.077141
v 0.266602 -0.142639 0.038689
v 0.266602 -0.175598 -0.045544
v 0.266602 -0.188416 -0.085831
v 0.266602 -0.195740 -0.129776
v 0.266602 -0.195740 -0.166397
v 0.268433 0.003849 0.115593
v 0.268433 0.009343 -0.135269
v 0.268433 0.016666 -0.082169
v 0.268433 0.022161 -0.027231
v 0.268433 0.025824 0.027702
v 0.268433 0.027655 0.077141
v 0.268433 -0.001644 0.097282
v 0.268433 -0.014462 0.049675
v 0.268433 -0.025448 -0.003428
v 0.268433 -0.038265 -0.060192
v 0.268433 -0.047421 -0.263458
v 0.268433 -0.051083 -0.115128
v 0.268433 -0.062073 -0.166397
v 0.268433 -0.065735 -0.305573
v 0.268433 -0.074890 0.110100
v 0.268433 -0.078552 -0.223160
v 0.268433 -0.078552 -0.316559
v 0.268433 -0.095032 -0.267120
v 0.268433 -0.102356 -0.318390
v 0.268433 -0.106018 0.104607
v 0.268433 -0.109680 -0.303741
v 0.268433 -0.135315 -0.320221
v 0.268433 -0.149963 -0.312897
v 0.268433 -0.151794 -0.289093
v 0.268433 -0.159119 -0.003428
v 0.268433 -0.168274 -0.239639
v 0.270264 0.005681 0.069817
v 0.270264 0.016666 0.082634
v 0.270264 -0.030941 -0.215836
v 0.270264 -0.032772 -0.111465
v 0.270264 -0.045589 -0.168228
v 0.270264 -0.058411 -0.268951
v 0.270264 -0.062073 -0.219498
v 0.270264 -0.085876 -0.287262
v 0.270264 -0.118835 0.064323
v 0.270264 -0.138977 0.016714
v 0.270264 -0.155457 -0.040051
v 0.270264 -0.166443 -0.285431
v 0.270264 -0.168274 -0.087662
v 0.270264 -0.175598 -0.131607
v 0.270264 -0.177429 -0.175552
v 0.270264 -0.177429 -0.250641
v 0.270264 -0.181091 -0.087662
v 0.270264 -0.184753 -0.212173
v 0.272095 0.000187 -0.034557
v 0.272095 0.009343 0.025871
v 0.272095 -0.005306 0.014884
v 0.272095 -0.014462 -0.105972
v 0.272095 -0.018124 -0.045544
v 0.272095 -0.027279 -0.162735
v 0.272095 -0.041927 -0.215836
v 0.272095 -0.186584 -0.129776
v 0.272095 -0.188416 -0.166397
v -0.000737 -0.411804 0.218140
v -0.002568 0.002018 -0.470367
v -0.002568 0.018497 0.304199
v -0.002568 0.033146 0.291382
v -0.002568 0.040470 -0.470367
v -0.002568 0.042301 0.282227
v -0.002568 0.045963 0.274902
v -0.002568 0.049629 0.265747
v -0.002568 0.056953 0.260254
v -0.002568 0.075264 -0.466705
v -0.002568 0.077095 0.258423
v -0.002568 0.077095 0.344482
v -0.002568 0.078926 0.348145
v -0.002568 0.080757 0.338989
v -0.002568 0.082588 0.351807
v -0.002568 0.091743 0.362793
v -0.002568 0.093575 0.249268
v -0.002568 0.104561 0.377441
v -0.002568 0.104561 -0.461212
v -0.002568 0.106392 0.256592
v -0.002568 0.117378 0.392090
v -0.002568 0.124702 0.399414
v -0.002568 0.126541 0.291382
v -0.002568 0.132034 0.399414
v -0.002568 0.132034 -0.453888
v -0.002568 0.139359 0.278564
v -0.002568 0.157669 -0.444733
v -0.002568 0.181473 -0.433746
v -0.002568 0.183304 0.346313
v -0.002568 0.199783 0.329834
v -0.002568 0.205276 -0.420929
v -0.002568 0.225418 0.342651
v -0.002568 0.229080 -0.406281
v -0.002568 0.232742 0.344482
v -0.002568 0.238235 0.357300
v -0.002568 0.251038 -0.391632
v -0.002568 0.271179 -0.375153
v -0.002568 0.276672 0.084465
v -0.002568 0.291321 -0.358673
v -0.002568 0.293152 0.066154
v -0.002568 0.304138 0.110100
v -0.002568 0.311493 0.040520
v -0.002568 0.311493 -0.340363
v -0.002568 0.320648 0.448853
v -0.002568 0.320648 0.470825
v -0.002568 0.327972 0.013053
v -0.002568 0.329803 -0.322052
v -0.002568 0.342621 -0.014414
v -0.002568 0.344452 -0.301910
v -0.002568 0.353607 0.174194
v -0.002568 0.353607 0.452515
v -0.002568 0.355438 0.187012
v -0.002568 0.355438 -0.041882
v -0.002568 0.359100 -0.281769
v -0.002568 0.360931 0.210815
v -0.002568 0.364594 0.218140
v -0.002568 0.366425 -0.069351
v -0.002568 0.368256 0.044182
v -0.002568 0.370087 -0.261627
v -0.002568 0.373749 0.042351
v -0.002568 0.373749 -0.096817
v -0.002568 0.377411 -0.239639
v -0.002568 0.379242 0.046013
v -0.002568 0.379242 0.219971
v -0.002568 0.381073 -0.126114
v -0.002568 0.382904 -0.217667
v -0.002568 0.384735 -0.157242
v -0.002568 0.386566 -0.188370
v -0.002568 0.390228 0.055168
v -0.002568 0.403046 0.069817
v -0.002568 0.417694 0.084465
v -0.002568 0.423187 0.106438
v -0.002568 0.425018 0.095451
v -0.002568 0.448822 0.415894
v -0.002568 0.463470 0.364624
v -0.002568 0.474457 0.296875
v -0.002568 -0.010799 0.324341
v -0.002568 -0.038265 -0.470367
v -0.002568 -0.078552 0.368286
v -0.002568 -0.082214 -0.468536
v -0.002568 -0.102356 0.379272
v -0.002568 -0.118835 0.386597
v -0.002568 -0.124329 -0.464874
v -0.002568 -0.142639 0.392090
v -0.002568 -0.166443 -0.459381
v -0.002568 -0.173767 0.395752
v -0.002568 -0.204895 0.395752
v -0.002568 -0.208557 -0.452057
v -0.002568 -0.236023 0.388428
v -0.002568 -0.248840 -0.442902
v -0.002568 -0.270813 0.375610
v -0.002568 -0.289124 -0.431915
v -0.002568 -0.300110 0.364624
v -0.002568 -0.327576 -0.419098
v -0.002568 -0.353210 0.307861
v -0.002568 -0.356873 -0.406281
v -0.002568 -0.373352 0.280396
v -0.002568 -0.378845 -0.391632
v -0.002568 -0.391663 0.252930
v -0.002568 -0.430115 0.181519
v -0.002568 -0.472229 -0.045544
v -0.002568 -0.474060 -0.182877
v -0.002568 -0.475891 -0.131607
v -0.020880 0.370087 -0.259796
v -0.020880 0.377411 -0.237808
v -0.020880 0.382904 -0.215836
v -0.020880 -0.453918 0.117424
v -0.022711 0.346283 -0.300079
v -0.022711 0.359100 -0.279938
v -0.022711 0.386566 -0.186539
v -0.024542 0.313324 -0.338531
v -0.024542 0.329803 -0.320221
v -0.024542 0.384735 -0.155411
v -0.026373 0.002018 0.315186
v -0.026373 0.273010 -0.373322
v -0.026373 0.293152 -0.356842
v -0.026373 0.327972 0.437866
v -0.026373 0.371918 0.227295
v -0.026373 0.371918 -0.094986
v -0.026373 0.379242 -0.124283
v -0.026373 -0.089539 0.371948
v -0.026373 -0.413635 -0.358673
v -0.028204 0.252869 -0.389801
v -0.028204 0.359100 0.223633
v -0.028204 0.364594 -0.065689
v -0.030035 0.207108 -0.419098
v -0.030035 0.230911 -0.404449
v -0.030035 0.353607 -0.038219
v -0.030035 0.357269 0.216309
v -0.030035 -0.106018 0.381104
v -0.030035 -0.153625 0.393921
v -0.030035 -0.398987 -0.375153
v -0.030035 -0.424622 -0.344025
v -0.031864 0.183304 -0.431915
v -0.031864 0.274841 0.086296
v -0.031864 -0.184753 0.395752
v -0.031864 -0.215881 0.393921
v -0.031864 -0.466736 0.040520
v -0.033695 0.159500 -0.442902
v -0.033695 0.340790 -0.010752
v -0.033695 -0.029110 0.335327
v -0.033695 -0.437439 -0.320221
v -0.033695 -0.461243 0.082634
v -0.035526 0.133865 -0.452057
v -0.035526 0.326141 0.016714
v -0.035526 0.349945 0.192505
v -0.035526 -0.124329 0.386597
v -0.035526 -0.444763 0.143066
v -0.037357 0.106392 -0.459381
v -0.037357 0.243729 0.338989
v -0.037357 0.289490 0.069817
v -0.037357 0.307800 0.044182
v -0.039188 0.077095 -0.464874
v -0.041023 0.044132 -0.468536
v -0.041023 0.051460 0.262085
v -0.041023 0.058784 0.258423
v -0.041023 0.077095 0.256592
v -0.041023 0.097237 0.245605
v -0.041023 0.110054 0.252930
v -0.041023 0.252869 0.348145
v -0.041023 0.338959 0.441528
v -0.041023 -0.448425 -0.292755
v -0.042854 0.005681 -0.470367
v -0.042854 0.047798 0.273071
v -0.042854 0.143021 0.274902
v -0.042854 0.186966 0.342651
v -0.042854 0.236404 0.337158
v -0.042854 0.300476 0.113762
v -0.042854 0.381073 -0.212173
v -0.042854 -0.380676 -0.389801
v -0.044685 0.042301 0.280396
v -0.044685 0.375580 -0.234146
v -0.044685 -0.034603 -0.470367
v -0.044685 -0.325745 0.337158
v -0.044685 -0.459412 -0.259796
v -0.046516 0.034977 0.289551
v -0.046516 0.130203 0.287720
v -0.046516 0.218094 0.320679
v -0.046516 0.368256 -0.256134
v -0.046516 -0.076721 -0.468536
v -0.046516 -0.342224 -0.411774
v -0.046516 -0.364197 -0.400787
v -0.046516 -0.466736 -0.226822
v -0.048347 0.357269 -0.276276
v -0.048347 -0.120667 -0.464874
v -0.048347 -0.162781 -0.459381
v -0.048347 -0.203064 -0.452057
v -0.048347 -0.239685 -0.444733
v -0.048347 -0.278137 -0.433746
v -0.048347 -0.316589 -0.420929
v -0.048347 -0.413635 -0.356842
v -0.050179 0.022161 0.300537
v -0.050179 0.135696 0.395752
v -0.050179 0.344452 -0.296417
v -0.050179 0.382904 -0.182877
v -0.050179 -0.093201 0.373779
v -0.052010 0.080757 0.340820
v -0.052010 0.082588 0.344482
v -0.052010 0.084419 0.335327
v -0.052010 0.086250 0.348145
v -0.052010 0.095406 0.359131
v -0.052010 0.108223 0.373779
v -0.052010 0.121040 0.388428
v -0.052010 0.128372 0.395752
v -0.052010 0.210770 0.318848
v -0.052010 0.329803 -0.316559
v -0.052010 0.381073 -0.151749
v -0.052010 0.381073 -0.210342
v -0.053841 0.349945 0.234619
v -0.053841 0.360931 0.238281
v -0.053841 0.375580 -0.120621
v -0.053841 0.375580 -0.232315
v -0.053841 -0.344055 0.317017
v -0.053841 -0.424622 -0.340363
v -0.053841 -0.470398 -0.012583
v -0.055672 0.311493 -0.336700
v -0.055672 0.368256 -0.089493
v -0.055672 0.368256 -0.254303
v -0.057503 0.002018 0.313354
v -0.057503 0.267517 0.088127
v -0.057503 0.291321 -0.355011
v -0.057503 0.342621 0.185181
v -0.057503 0.346283 0.227295
v -0.057503 0.357269 -0.274445
v -0.057503 0.359100 -0.060192
v -0.057503 0.364594 0.049675
v -0.057503 0.370087 0.047844
v -0.057503 0.375580 0.051506
v -0.057503 0.384735 0.060661
v -0.057503 0.399384 0.075310
v -0.057503 0.412201 0.089958
v -0.057503 0.419525 0.110100
v -0.057503 -0.472229 -0.190201
v -0.059334 0.113716 0.245605
v -0.059334 0.344452 -0.294586
v -0.059334 0.375580 -0.219498
v -0.059334 0.381073 -0.181046
v -0.059334 -0.360535 0.295044
v -0.059334 -0.437439 -0.316559
v -0.059334 -0.474060 -0.151749
v -0.061165 0.100899 0.240112
v -0.061165 0.269348 -0.373322
v -0.061165 0.329803 -0.314728
v -0.061165 0.348114 -0.032726
v -0.061165 0.368256 -0.243301
v -0.061165 0.379242 -0.151749
v -0.061165 -0.188416 0.393921
v -0.061165 -0.217712 0.392090
v -0.061165 -0.474060 -0.093155
v -0.062996 0.245560 -0.391632
v -0.062996 0.404877 0.408569
v -0.062996 0.419525 0.100945
v -0.062996 0.443329 0.315186
v -0.062996 -0.157288 0.392090
v -0.062996 -0.237854 0.388428
v -0.062996 -0.259827 0.381104
v -0.062996 -0.378845 0.271240
v -0.064827 0.060616 0.256592
v -0.064827 0.078926 0.252930
v -0.064827 0.258362 0.326172
v -0.064827 0.311493 -0.334869
v -0.064827 0.337128 0.205322
v -0.064827 0.357269 -0.265289
v -0.064827 0.373749 -0.118790
v -0.064827 -0.283630 0.370117
v -0.064827 -0.395325 -0.373322
v -0.066658 0.053291 0.260254
v -0.066658 0.219925 -0.408112
v -0.066658 0.291321 -0.353180
v -0.066658 0.335297 -0.005259
v -0.066658 0.346283 -0.289093
v -0.066658 0.366425 -0.089493
v -0.066658 -0.027279 0.331665
v -0.068489 0.047798 0.269409
v -0.068489 -0.111511 0.379272
v -0.068489 -0.450256 -0.281769
v -0.070320 0.192459 -0.422760
v -0.070320 0.252869 0.322510
v -0.070320 0.269348 -0.371490
v -0.070320 0.320648 0.020376
v -0.070320 0.329803 -0.311066
v -0.070320 0.357269 -0.060192
v -0.070320 -0.395325 0.245605
v -0.072151 0.044132 0.276733
v -0.072151 0.164993 -0.435577
v -0.072151 0.267517 0.333496
v -0.072151 0.283997 0.071648
v -0.072151 0.304138 0.046013
v -0.072151 0.329803 -0.305573
v -0.072151 0.333466 0.249268
v -0.072151 0.362762 -0.232315
v -0.073982 0.236404 0.306030
v -0.073982 0.245560 -0.389801
v -0.073982 0.307800 -0.334869
v -0.073982 0.364594 -0.091324
v -0.073982 0.366425 -0.208511
v -0.073982 -0.461243 -0.245132
v -0.075813 0.034977 0.285889
v -0.075813 0.139359 -0.446564
v -0.075813 0.154007 0.262085
v -0.075813 0.329803 0.243774
v -0.075813 0.344452 -0.030893
v -0.075813 0.368256 -0.124283
v -0.075813 0.368256 -0.181046
v -0.075813 0.370087 -0.153580
v -0.075813 -0.314758 0.344482
v -0.075813 -0.409973 -0.355011
v -0.075813 -0.411804 0.214478
v -0.077644 0.219925 -0.406281
v -0.077644 0.274841 0.309692
v -0.077644 0.282166 -0.358673
v -0.077644 0.309631 -0.327545
v -0.077644 0.353607 -0.058361
v -0.077644 -0.184753 0.392090
v -0.077644 -0.219543 0.390259
v -0.077644 -0.338562 0.320679
v -0.077644 -0.373352 -0.389801
v -0.079475 0.013005 -0.466705
v -0.079475 0.106392 0.229126
v -0.079475 0.111885 -0.453888
v -0.079475 0.121040 0.234619
v -0.079475 0.287659 0.126587
v -0.079475 0.337128 -0.279938
v -0.079475 0.346283 0.252930
v -0.079475 -0.089539 0.366455
v -0.079475 -0.248840 0.382935
v -0.079475 -0.468567 -0.208511
v -0.081306 0.020329 0.296875
v -0.081306 0.192459 -0.420929
v -0.081306 0.252869 0.093620
v -0.081306 0.252869 -0.380646
v -0.081306 0.285828 -0.347687
v -0.081306 0.313324 0.269409
v -0.081306 0.340790 -0.030893
v -0.081306 -0.422791 0.192505
v -0.083138 0.082588 -0.459381
v -0.083138 0.141190 0.276733
v -0.083138 0.199783 0.328003
v -0.083138 0.269348 0.306030
v -0.083138 0.293152 0.291382
v -0.083138 0.326141 0.276733
v -0.083138 0.342621 -0.256134
v -0.083138 -0.025448 -0.468536
v -0.083138 -0.142639 0.386597
v -0.083138 -0.276306 0.370117
v -0.083138 -0.424622 -0.331207
v -0.084969 0.164993 -0.433746
v -0.084969 0.230911 0.296875
v -0.084969 0.322479 0.205322
v -0.084969 0.348114 -0.063858
v -0.084969 -0.175598 0.388428
v -0.084969 -0.217712 0.386597
v -0.084969 -0.298279 0.357300
v -0.084969 -0.351379 -0.402618
v -0.086800 0.080757 0.249268
v -0.086800 0.225418 -0.397125
v -0.086800 0.254700 0.285889
v -0.086800 0.256531 -0.371490
v -0.086800 0.285828 0.318848
v -0.086800 0.309631 0.263916
v -0.086800 0.309631 -0.309235
v -0.086800 0.318817 0.223633
v -0.086800 0.327972 -0.001596
v -0.086800 0.346283 -0.232315
v -0.086800 -0.067566 -0.466705
v -0.086800 -0.250671 0.377441
v -0.086800 -0.360535 0.293213
v -0.086800 -0.435608 0.161377
v -0.088631 0.000187 0.309692
v -0.088631 0.047798 -0.463043
v -0.088631 0.062447 0.252930
v -0.088631 0.137527 -0.444733
v -0.088631 0.267517 -0.356842
v -0.088631 0.287659 0.285889
v -0.088631 0.305969 0.298706
v -0.088631 0.313324 0.025871
v -0.088631 0.351776 -0.093155
v -0.088631 -0.113342 -0.463043
v -0.088631 -0.325745 -0.413605
v -0.088631 -0.439270 -0.298248
v -0.090462 0.053291 0.256592
v -0.090462 0.229080 -0.387970
v -0.090462 0.282166 0.071648
v -0.090462 0.349945 -0.208511
v -0.090462 0.353607 -0.122452
v -0.090462 -0.159119 -0.457550
v -0.090462 -0.278137 0.362793
v -0.090462 -0.289124 -0.426422
v -0.092293 0.108223 -0.452057
v -0.092293 0.196121 -0.413605
v -0.092293 0.296814 0.049675
v -0.092293 0.309631 0.024040
v -0.092293 0.318817 -0.281769
v -0.092293 0.322479 -0.005259
v -0.092293 0.353607 -0.181046
v -0.092293 0.355438 -0.153580
v -0.092293 -0.177429 0.382935
v -0.092293 -0.204895 -0.448395
v -0.092293 -0.217712 0.377441
v -0.092293 -0.245178 0.370117
v -0.092293 -0.247009 -0.439240
v -0.092293 -0.331238 0.324341
v -0.094124 0.049629 0.265747
v -0.094124 0.146683 0.384766
v -0.094124 0.355438 0.058830
v -0.094124 0.421356 0.328003
v -0.094124 -0.029110 0.328003
v -0.094124 -0.309265 0.337158
v -0.094124 -0.382507 0.262085
v -0.094124 -0.388000 -0.371490
v -0.095955 0.002018 -0.466705
v -0.095955 0.111885 0.214478
v -0.095955 0.130203 0.221802
v -0.095955 0.166824 -0.426422
v -0.095955 0.238235 -0.371490
v -0.095955 0.357269 0.406738
v -0.095955 0.362762 0.056999
v -0.095955 0.366425 0.060661
v -0.095955 0.375580 0.071648
v -0.095955 0.390228 0.086296
v -0.095955 0.403046 0.100945
v -0.095955 -0.274475 0.351807
v -0.095955 -0.402649 0.229126
v -0.095955 -0.446594 0.130249
v -0.095955 -0.464905 0.033195
v -0.097786 0.044132 0.273071
v -0.097786 0.078926 -0.455719
v -0.097786 0.091743 0.329834
v -0.097786 0.091743 0.333496
v -0.097786 0.095406 0.324341
v -0.097786 0.095406 0.338989
v -0.097786 0.104561 0.348145
v -0.097786 0.119209 0.362793
v -0.097786 0.132034 0.377441
v -0.097786 0.139359 0.384766
v -0.097786 0.197952 -0.402618
v -0.097786 0.273010 0.267578
v -0.097786 0.324310 -0.257965
v -0.097786 0.408539 0.121086
v -0.097786 -0.142639 0.379272
v -0.097786 -0.355042 0.295044
v -0.097786 -0.450256 -0.261627
v -0.099617 0.137527 -0.437408
v -0.099617 0.170486 0.245605
v -0.099617 0.236404 0.102776
v -0.099617 0.273010 -0.331207
v -0.099617 0.294983 0.247437
v -0.099617 0.326141 -0.032726
v -0.099617 -0.122498 0.375610
v -0.099617 -0.453918 0.104607
v -0.099617 -0.459412 0.075310
v -0.099617 -0.470398 -0.160904
v -0.099617 -0.472229 -0.118790
v -0.101448 0.258362 0.269409
v -0.101448 0.289490 -0.307404
v -0.101448 0.327972 -0.234146
v -0.101448 0.392059 0.375610
v -0.101448 -0.040096 -0.466705
v -0.101448 -0.301941 0.329834
v -0.101448 -0.338562 0.304199
v -0.101448 -0.404480 -0.349518
v -0.101448 -0.420959 0.192505
v -0.101448 -0.459412 -0.226822
v -0.101448 -0.468567 -0.023569
v -0.103279 0.000187 -0.463043
v -0.103279 0.034977 0.282227
v -0.103279 0.166824 -0.415436
v -0.103279 0.273010 0.073479
v -0.103279 0.331635 -0.060192
v -0.103279 0.331635 -0.208511
v -0.103279 0.408539 0.111931
v -0.105110 0.040470 -0.457550
v -0.105110 0.208939 -0.384308
v -0.105110 0.291321 0.236450
v -0.105110 0.298645 -0.281769
v -0.105110 0.335297 -0.089493
v -0.105110 0.335297 -0.182877
v -0.105110 -0.085876 -0.463043
v -0.105110 -0.358704 -0.393463
v -0.105110 -0.375183 0.263916
v -0.105110 -0.422791 -0.318390
v -0.105110 -0.439270 0.148560
v -0.106941 0.283997 0.049675
v -0.106941 0.337128 -0.120621
v -0.106941 0.337128 -0.151749
v -0.106941 -0.464905 -0.192032
v -0.108772 0.084419 0.241943
v -0.108772 0.106392 -0.444733
v -0.108772 0.121040 0.196167
v -0.108772 0.139359 0.208984
v -0.108772 0.269348 0.144897
v -0.108772 -0.041927 -0.463043
v -0.108772 -0.133484 -0.459381
v -0.108772 -0.333069 -0.408112
v -0.108772 -0.362366 0.269409
v -0.108772 -0.400818 0.225464
v -0.108772 -0.437439 -0.285431
v -0.108772 -0.461243 0.053337
v -0.110603 0.018497 0.293213
v -0.110603 0.135696 -0.424591
v -0.110603 0.293152 0.025871
v -0.110603 0.302307 -0.257965
v -0.110603 -0.181091 -0.452057
v -0.110603 -0.303772 -0.420929
v -0.110603 -0.420959 0.187012
v -0.110603 -0.452087 0.099113
v -0.112434 0.000187 -0.457550
v -0.112434 0.064278 0.247437
v -0.112434 0.155838 0.262085
v -0.112434 0.177811 -0.395294
v -0.112434 0.219925 0.307861
v -0.112434 0.221756 -0.362335
v -0.112434 0.238235 -0.345856
v -0.112434 -0.087708 -0.461212
v -0.112434 -0.177429 0.366455
v -0.112434 -0.225037 -0.442902
v -0.112434 -0.265320 -0.431915
v -0.112434 -0.377014 -0.371490
v -0.112434 -0.437439 0.141235
v -0.112434 -0.450256 -0.241470
v -0.112434 -0.464905 0.005728
v -0.112434 -0.468567 -0.071182
v -0.114265 0.216263 0.110100
v -0.114265 0.300476 0.000235
v -0.114265 0.305969 -0.235977
v -0.114265 -0.386169 0.232788
v -0.114265 -0.402649 -0.340363
v -0.114265 -0.459412 0.040520
v -0.114265 -0.468567 -0.137100
v -0.116096 0.055122 0.251099
v -0.116096 0.260193 -0.309235
v -0.116096 0.309631 -0.210342
v -0.116096 0.311493 -0.182877
v -0.116096 0.371918 0.404907
v -0.116096 -0.040096 -0.455719
v -0.116096 -0.137146 -0.455719
v -0.116096 -0.217712 0.355469
v -0.116096 -0.344055 -0.397125
v -0.116096 -0.417297 0.179688
v -0.116096 -0.431946 0.135742
v -0.116096 -0.444763 0.093620
v -0.117928 0.188797 0.227295
v -0.117928 0.274841 -0.283600
v -0.117928 0.305969 -0.027231
v -0.117928 -0.095032 0.359131
v -0.117928 -0.184753 -0.448395
v -0.117928 -0.256165 0.335327
v -0.117928 -0.420959 -0.307404
v -0.117928 -0.453918 0.040520
v -0.117928 -0.459412 -0.193863
v -0.117928 -0.464905 -0.137100
v -0.117928 -0.466736 -0.073013
v -0.119759 0.049629 0.258423
v -0.119759 0.154007 0.194336
v -0.119759 0.313324 -0.151749
v -0.119759 -0.034603 0.326172
v -0.119759 -0.084045 -0.452057
v -0.119759 -0.118835 0.366455
v -0.119759 -0.305603 -0.417267
v -0.119759 -0.435608 -0.274445
v -0.119759 -0.448425 -0.234146
v -0.119759 -0.457581 -0.018076
v -0.121590 0.071602 -0.448395
v -0.121590 0.104561 -0.430084
v -0.121590 0.135696 0.177856
v -0.121590 0.146683 -0.402618
v -0.121590 0.278503 -0.261627
v -0.121590 0.311493 -0.054699
v -0.121590 0.315155 -0.085831
v -0.121590 0.315155 -0.118790
v -0.121590 -0.003475 0.306030
v -0.121590 -0.133484 -0.446564
v -0.121590 -0.228699 -0.439240
v -0.121590 -0.268982 -0.430084
v -0.121590 -0.296448 0.306030
v -0.121590 -0.340393 -0.389801
v -0.121590 -0.369690 -0.365997
v -0.121590 -0.408142 0.185181
v -0.121590 -0.457581 -0.140762
v -0.121590 -0.459412 -0.087662
v -0.123421 0.254700 0.073479
v -0.123421 -0.184753 -0.439240
v -0.123421 -0.307434 -0.408112
v -0.123421 -0.373352 0.227295
v -0.123421 -0.397156 -0.333038
v -0.123421 -0.450256 -0.193863
v -0.125259 0.044132 0.265747
v -0.125259 0.221756 -0.334869
v -0.125259 0.282166 -0.237808
v -0.125259 -0.228699 -0.431915
v -0.125259 -0.270813 -0.420929
v -0.125259 -0.422791 -0.290924
v -0.125259 -0.439270 -0.246964
v -0.127090 0.183304 -0.371490
v -0.127090 0.197952 0.122917
v -0.127090 0.207108 0.207153
v -0.127090 0.251038 0.161377
v -0.127090 0.263855 0.053337
v -0.127090 0.285828 -0.212173
v -0.127090 -0.333069 0.265747
v -0.128922 0.170486 0.174194
v -0.128922 0.243729 0.284058
v -0.128922 0.251038 -0.285431
v -0.128922 0.287659 -0.182877
v -0.128922 0.342621 0.073479
v -0.128922 -0.040096 -0.448395
v -0.128922 -0.140808 0.353638
v -0.128922 -0.400818 0.185181
v -0.128922 -0.420959 0.139404
v -0.130753 0.086250 0.230957
v -0.130753 0.163162 0.368286
v -0.130753 0.190628 -0.356842
v -0.130753 0.271179 0.031364
v -0.130753 -0.406311 -0.303741
v -0.130753 -0.420959 -0.272614
v -0.130753 -0.433777 -0.234146
v -0.132584 0.033146 0.274902
v -0.132584 0.221756 -0.311066
v -0.132584 0.289490 -0.151749
v -0.132584 0.348114 0.071648
v -0.132584 0.353607 0.077141
v -0.132584 0.362762 0.086296
v -0.132584 0.375580 0.100945
v -0.132584 0.388397 0.115593
v -0.132584 -0.177429 0.344482
v -0.132584 -0.389832 -0.325714
v -0.134415 0.110054 0.309692
v -0.134415 0.113716 -0.406281
v -0.134415 0.172318 0.245605
v -0.134415 0.254700 -0.263458
v -0.134415 0.269348 0.258423
v -0.134415 0.278503 0.005728
v -0.134415 0.392059 0.135742
v -0.134415 -0.386169 0.187012
v -0.134415 -0.430115 0.095451
v -0.136246 0.067940 0.238281
v -0.136246 0.071602 -0.430084
v -0.136246 0.106392 0.315186
v -0.136246 0.108223 0.317017
v -0.136246 0.111885 0.322510
v -0.136246 0.121040 0.331665
v -0.136246 0.135696 0.346313
v -0.136246 0.148514 0.360962
v -0.136246 0.155838 0.368286
v -0.136246 0.283997 -0.021738
v -0.136246 0.291321 -0.116959
v -0.136246 -0.080383 -0.439240
v -0.136246 -0.217712 0.328003
v -0.138077 0.000187 -0.448395
v -0.138077 0.031315 -0.448395
v -0.138077 0.227249 -0.287262
v -0.138077 0.258362 -0.241470
v -0.138077 0.287659 -0.051037
v -0.138077 0.291321 -0.084000
v -0.138077 -0.259827 0.302368
v -0.138077 -0.413635 0.144897
v -0.139908 0.038639 -0.444733
v -0.139908 0.058784 0.241943
v -0.139908 0.150345 0.159546
v -0.139908 0.181473 -0.342194
v -0.139908 0.392059 0.128418
v -0.139908 -0.120667 -0.430084
v -0.139908 -0.160950 -0.424591
v -0.139908 -0.345886 0.223633
v -0.139908 -0.435608 0.047844
v -0.141739 0.016666 0.285889
v -0.141739 0.262024 -0.215836
v -0.141739 -0.301941 0.263916
v -0.143570 0.143021 -0.376984
v -0.143570 0.232742 0.077141
v -0.143570 -0.040096 -0.441071
v -0.143570 -0.201233 -0.417267
v -0.143570 -0.237854 -0.408112
v -0.143570 -0.268982 -0.397125
v -0.143570 -0.298279 -0.384308
v -0.143570 -0.323914 -0.367828
v -0.143570 -0.345886 -0.347687
v -0.143570 -0.364197 -0.329376
v -0.143570 -0.393494 -0.283600
v -0.143570 -0.409973 -0.248795
v -0.143570 -0.439270 -0.003428
v -0.145401 0.230911 -0.267120
v -0.145401 0.240067 0.058830
v -0.145401 0.263855 -0.186539
v -0.145401 -0.117004 0.344482
v -0.145401 -0.380676 -0.303741
v -0.145401 -0.420959 -0.210342
v -0.145401 -0.431946 -0.166397
v -0.145401 -0.437439 -0.116959
v -0.145401 -0.439270 -0.062023
v -0.147232 0.051460 0.249268
v -0.147232 0.181473 -0.318390
v -0.147232 0.188797 0.229126
v -0.147232 0.203445 -0.290924
v -0.147232 -0.397156 0.137573
v -0.147232 -0.420959 0.106438
v -0.149063 0.144852 -0.364166
v -0.149063 0.247391 0.036858
v -0.149063 0.265686 -0.153580
v -0.149063 -0.036434 0.318848
v -0.149063 -0.415466 0.115593
v -0.150894 0.078926 -0.408112
v -0.150894 0.234573 -0.245132
v -0.150894 -0.140808 0.329834
v -0.152725 0.044132 0.256592
v -0.152725 0.088081 0.214478
v -0.152725 0.252869 0.011222
v -0.152725 0.267517 -0.116959
v -0.152725 -0.084045 0.342651
v -0.154556 0.236404 -0.219498
v -0.154556 0.258362 -0.018076
v -0.154556 0.263855 -0.049206
v -0.154556 0.265686 -0.082169
v -0.154556 -0.080383 -0.430084
v -0.154556 -0.426453 0.064323
v -0.156387 0.038639 -0.424591
v -0.156387 0.143021 -0.349518
v -0.156387 0.205276 -0.270782
v -0.156387 -0.005306 0.296875
v -0.156387 -0.177429 0.315186
v -0.156387 -0.351379 0.177856
v -0.156387 -0.404480 0.093620
v -0.158218 0.179642 -0.294586
v -0.158218 0.188797 0.113762
v -0.158218 -0.420959 0.066154
v -0.158218 -0.430115 0.020376
v -0.160049 0.033146 0.265747
v -0.160049 0.071602 0.223633
v -0.160049 0.208939 0.084465
v -0.160049 0.240067 -0.190201
v -0.160049 0.326141 0.089958
v -0.160049 -0.120667 -0.419098
v -0.160049 -0.160950 -0.413605
v -0.160049 -0.217712 0.289551
v -0.161880 0.183304 0.348145
v -0.161880 -0.197571 -0.406281
v -0.161880 -0.228699 -0.398956
v -0.161880 -0.259827 -0.387970
v -0.161880 -0.261658 0.254761
v -0.161880 -0.287292 -0.373322
v -0.161880 -0.305603 0.216309
v -0.161880 -0.314758 -0.356842
v -0.161880 -0.338562 -0.334869
v -0.161880 -0.360535 -0.309235
v -0.161880 -0.397156 -0.245132
v -0.163712 0.005681 -0.437408
v -0.163712 0.097237 -0.376984
v -0.163712 0.130203 0.289551
v -0.163712 0.143021 0.152222
v -0.163712 0.143021 -0.327545
v -0.163712 0.208939 -0.248795
v -0.163712 0.216263 0.064323
v -0.163712 0.241898 -0.155411
v -0.163712 0.371918 0.155884
v -0.163712 -0.118835 0.318848
v -0.163712 -0.380676 -0.279938
v -0.163712 -0.409973 0.047844
v -0.163712 -0.411804 -0.201187
v -0.165543 0.060616 0.229126
v -0.165543 0.329803 0.091789
v -0.165543 0.333466 0.095451
v -0.165543 0.342621 0.106438
v -0.165543 0.355438 0.121086
v -0.165543 0.368256 0.135742
v -0.165543 -0.420959 0.024040
v -0.165543 -0.422791 -0.148087
v -0.165543 -0.426453 0.007559
v -0.165543 -0.428284 -0.093155
v -0.165543 -0.430115 -0.040051
v -0.167374 0.014836 0.278564
v -0.167374 0.126541 0.295044
v -0.167374 0.175980 0.346313
v -0.167374 0.181473 -0.274445
v -0.167374 0.223587 0.042351
v -0.167374 -0.082214 0.329834
v -0.169205 0.128372 0.296875
v -0.169205 0.132034 0.302368
v -0.169205 0.141190 0.311523
v -0.169205 0.155838 0.326172
v -0.169205 0.155838 -0.298248
v -0.169205 0.168655 0.338989
v -0.169205 0.212601 -0.223160
v -0.169205 0.241898 -0.118790
v -0.169205 0.371918 0.148560
v -0.171036 0.049629 -0.398956
v -0.171036 0.091743 0.199829
v -0.171036 0.229080 0.014884
v -0.171036 0.234573 -0.014414
v -0.171036 0.238235 -0.047375
v -0.171036 0.241898 -0.082169
v -0.171036 -0.008968 -0.435577
v -0.171036 -0.355042 0.128418
v -0.171036 -0.409973 -0.003428
v -0.172867 0.051460 0.238281
v -0.172867 0.214432 -0.193863
v -0.172867 -0.041927 -0.430084
v -0.172867 -0.140808 0.298706
v -0.172867 -0.420959 -0.029062
v -0.172867 -0.424622 -0.104141
v -0.174698 0.099068 -0.360504
v -0.174698 -0.417297 -0.153580
v -0.174698 -0.424622 -0.063858
v -0.176529 0.185135 0.091789
v -0.176529 0.185135 -0.252472
v -0.176529 -0.080383 -0.420929
v -0.176529 -0.408142 -0.047375
v -0.176529 -0.408142 -0.195694
v -0.176529 -0.419128 -0.076675
v -0.178360 0.166824 0.115593
v -0.178360 0.216263 -0.159073
v -0.178360 -0.177429 0.274902
v -0.178360 -0.373352 -0.279938
v -0.178360 -0.391663 -0.241470
v -0.178360 -0.406311 -0.091324
v -0.178360 -0.417297 -0.129776
v -0.180191 0.009343 -0.413605
v -0.180191 0.044132 0.245605
v -0.180191 0.132034 -0.303741
v -0.180191 0.155838 -0.278107
v -0.180191 -0.274475 -0.371490
v -0.180191 -0.303772 -0.353180
v -0.180191 -0.307434 0.166870
v -0.180191 -0.351379 -0.309235
v -0.180191 -0.402649 -0.144424
v -0.180191 -0.402649 -0.190201
v -0.182022 0.075264 0.208984
v -0.182022 0.186966 -0.226822
v -0.182022 0.192459 0.071648
v -0.182022 -0.206726 -0.395294
v -0.182022 -0.239685 -0.386139
v -0.182022 -0.356873 0.078972
v -0.182022 -0.367859 -0.245132
v -0.182022 -0.367859 -0.276276
v -0.182022 -0.386169 -0.199356
v -0.182022 -0.386169 -0.237808
v -0.183853 0.135696 0.143066
v -0.183853 0.197952 0.047844
v -0.183853 0.218094 -0.120621
v -0.183853 -0.175598 -0.400787
v -0.183853 -0.217712 0.241943
v -0.183853 -0.261658 0.205322
v -0.183853 -0.327576 -0.333038
v -0.183853 -0.340393 -0.285431
v -0.185684 0.066109 -0.367828
v -0.185684 0.203445 0.326172
v -0.185684 0.216263 -0.084000
v -0.185684 0.349945 0.177856
v -0.185684 -0.118835 0.287720
v -0.185684 -0.272644 -0.367828
v -0.185684 -0.307434 -0.320221
v -0.185684 -0.377014 -0.171890
v -0.185684 -0.386169 -0.129776
v -0.187515 0.095406 0.183350
v -0.187515 0.152176 0.267578
v -0.187515 0.188797 -0.197525
v -0.187515 0.203445 0.020376
v -0.187515 0.208939 -0.010752
v -0.187515 0.212601 -0.045544
v -0.187515 -0.140808 -0.404449
v -0.187515 -0.236023 -0.382477
v -0.187515 -0.270813 -0.351349
v -0.187515 -0.356873 -0.217667
v -0.189346 0.062447 0.214478
v -0.189346 0.091743 -0.338531
v -0.189346 0.159500 -0.257965
v -0.189346 -0.041927 0.309692
v -0.189346 -0.192078 -0.393463
v -0.189346 -0.333069 -0.257965
v -0.191177 0.031315 0.254761
v -0.191177 0.108223 -0.311066
v -0.191177 0.132034 -0.283600
v -0.191177 0.144852 0.124748
v -0.191177 0.150345 0.271240
v -0.191177 0.161331 0.099113
v -0.191177 0.298645 0.117424
v -0.191177 -0.025448 -0.422760
v -0.191177 -0.221375 -0.373322
v -0.191177 -0.301941 -0.298248
v -0.191177 -0.356873 0.027702
v -0.193008 0.022161 -0.387970
v -0.193008 0.152176 0.274902
v -0.193008 0.155838 0.278564
v -0.193008 0.164993 0.289551
v -0.193008 0.177811 0.304199
v -0.193008 0.190628 0.317017
v -0.193008 0.197952 0.324341
v -0.193008 0.348114 0.170532
v -0.193008 -0.268982 -0.325714
v -0.194839 0.161331 -0.232315
v -0.194839 0.190628 -0.160904
v -0.194839 0.302307 0.117424
v -0.194839 0.305969 0.122917
v -0.194839 0.315155 0.132080
v -0.194839 0.327972 0.148560
v -0.194839 0.340790 0.161377
v -0.194839 -0.104187 -0.408112
v -0.194839 -0.309265 0.113762
v -0.196671 0.166824 0.078972
v -0.196671 -0.041927 -0.420929
v -0.196671 -0.140808 0.258423
v -0.196671 -0.144470 -0.398956
v -0.196671 -0.179260 -0.384308
v -0.196671 -0.234192 -0.345856
v -0.196671 -0.356873 -0.019907
v -0.198502 0.053291 0.221802
v -0.198502 0.062447 -0.349518
v -0.198502 0.077095 0.192505
v -0.198502 0.192459 -0.124283
v -0.198502 -0.356873 -0.062023
v -0.200333 0.013005 0.267578
v -0.200333 0.100899 0.165039
v -0.200333 0.133865 -0.261627
v -0.200333 0.172318 0.053337
v -0.200333 0.190628 -0.084000
v -0.200333 0.227249 0.302368
v -0.200333 -0.041927 0.298706
v -0.200333 -0.082214 0.280396
v -0.200333 -0.283630 -0.289093
v -0.200333 -0.355042 -0.104141
v -0.202164 0.108223 -0.289093
v -0.202164 0.163162 -0.201187
v -0.202164 0.177811 0.024040
v -0.202164 0.186966 -0.045544
v -0.202164 0.326141 0.201660
v -0.202164 -0.177429 0.225464
v -0.202164 -0.197571 -0.362335
v -0.202164 -0.263489 0.150391
v -0.203995 0.132034 0.141235
v -0.203995 0.139359 0.148560
v -0.203995 0.144852 0.124748
v -0.203995 0.166824 0.115593
v -0.203995 0.175980 0.243774
v -0.203995 0.183304 -0.008921
v -0.203995 0.192459 0.115593
v -0.203995 0.251038 0.159546
v -0.203995 -0.018124 -0.398956
v -0.203995 -0.111511 -0.402618
v -0.203995 -0.217712 0.188843
v -0.203995 -0.311096 -0.241470
v -0.205826 0.137527 0.110100
v -0.205826 0.207108 0.207153
v -0.205826 -0.148132 -0.386139
v -0.205826 -0.309265 0.060661
v -0.205826 -0.333069 -0.182877
v -0.207657 0.064278 0.197998
v -0.207657 0.135696 -0.235977
v -0.207657 0.164993 -0.166397
v -0.207657 0.174149 0.247437
v -0.207657 0.221756 0.300537
v -0.207657 -0.237854 -0.322052
v -0.209488 0.042301 0.230957
v -0.209488 0.058784 -0.331207
v -0.209488 0.175980 0.249268
v -0.209488 0.179642 0.254761
v -0.209488 0.181473 0.300537
v -0.209488 0.188797 0.263916
v -0.209488 0.201614 0.278564
v -0.209488 0.212601 0.329834
v -0.209488 0.214432 0.293213
v -0.209488 0.251038 0.276733
v -0.209488 0.274841 0.141235
v -0.209488 0.324310 0.196167
v -0.209488 -0.170105 -0.369659
v -0.211319 0.080757 0.174194
v -0.211319 0.106392 0.143066
v -0.211319 0.108223 -0.267120
v -0.211319 0.143021 0.086296
v -0.211319 0.164993 -0.127945
v -0.211319 0.278503 0.143066
v -0.211319 0.302307 0.225464
v -0.211319 0.304138 0.172363
v -0.211319 0.316986 0.187012
v -0.211319 -0.118835 0.245605
v -0.211319 -0.309265 -0.219498
v -0.213150 0.002018 -0.369659
v -0.213150 0.082588 -0.296417
v -0.213150 0.276672 0.251099
v -0.213150 0.282166 0.146729
v -0.213150 0.291321 0.157715
v -0.213150 -0.010799 0.280396
v -0.213150 -0.118835 -0.393463
v -0.213150 -0.309265 0.009391
v -0.214981 0.137527 -0.204849
v -0.214981 0.148514 0.058830
v -0.214981 0.164993 -0.085831
v -0.214981 -0.201233 -0.338531
v -0.214981 -0.263489 0.095451
v -0.214981 -0.272644 -0.267120
v -0.216812 0.154007 0.027702
v -0.216812 0.161331 -0.045544
v -0.216812 0.199783 0.219971
v -0.216812 0.247391 0.274902
v -0.216812 -0.065735 -0.408112
v -0.218643 0.053291 0.205322
v -0.218643 0.113716 0.119255
v -0.218643 0.157669 -0.007090
v -0.218643 0.201614 0.223633
v -0.218643 0.227249 0.252930
v -0.218643 0.240067 0.267578
v -0.218643 0.298645 0.221802
v -0.218643 -0.051083 -0.406281
v -0.218643 -0.140808 0.208984
v -0.218643 -0.148132 -0.373322
v -0.218643 -0.241516 -0.292755
v -0.218643 -0.309265 -0.040051
v -0.218643 -0.309265 -0.140762
v -0.220474 0.016666 -0.344025
v -0.220474 0.029486 0.240112
v -0.220474 0.110054 -0.241470
v -0.220474 0.139359 -0.170059
v -0.220474 0.205276 0.227295
v -0.220474 0.214432 0.238281
v -0.220474 0.225418 0.194336
v -0.220474 0.251038 0.166870
v -0.220474 0.273010 0.247437
v -0.220474 0.278503 0.197998
v -0.220474 0.291321 0.212646
v -0.220474 -0.041927 0.265747
v -0.220474 -0.177429 0.170532
v -0.220474 -0.219543 0.132080
v -0.220474 -0.309265 -0.085831
v -0.222305 0.055122 -0.307404
v -0.222305 0.066109 0.179688
v -0.222305 0.082588 -0.274445
v -0.222305 0.086250 0.152222
v -0.222305 0.252869 0.168701
v -0.222305 0.256531 0.172363
v -0.222305 0.265686 0.183350
v -0.222305 0.265686 0.240112
v -0.222305 -0.010799 0.273071
v -0.222305 -0.272644 -0.237808
v -0.224136 0.119209 0.093620
v -0.224136 0.139359 -0.131607
v -0.224136 0.227249 0.196167
v -0.224136 0.230911 0.199829
v -0.224136 0.240067 0.210815
v -0.224136 0.252869 0.225464
v -0.224136 -0.080383 0.238281
v -0.224136 -0.173767 -0.349518
v -0.225967 0.111885 -0.210342
v -0.225967 -0.106018 0.219971
v -0.225967 -0.263489 0.040520
v -0.227798 0.009343 0.256592
v -0.227798 0.124702 0.066154
v -0.227798 0.137527 -0.089493
v -0.227798 -0.040096 -0.380646
v -0.227798 -0.082214 -0.397125
v -0.227798 -0.124329 -0.378815
v -0.229630 0.084419 -0.246964
v -0.229630 0.093575 0.126587
v -0.229630 0.135696 -0.045544
v -0.229630 -0.203064 -0.311066
v -0.229630 -0.272644 -0.195694
v -0.231461 0.042301 0.214478
v -0.231461 0.055122 -0.279938
v -0.231461 0.056953 0.187012
v -0.231461 0.069771 0.157715
v -0.231461 0.111885 -0.175552
v -0.231461 0.128372 0.031364
v -0.231461 0.132034 -0.005259
v -0.231461 -0.226868 -0.274445
v -0.233292 -0.010799 0.251099
v -0.233292 -0.148132 -0.358673
v -0.233292 -0.219543 0.075310
v -0.233292 -0.263489 -0.012583
v -0.233292 -0.272644 -0.157242
v -0.235123 0.007512 0.251099
v -0.235123 0.097237 0.100945
v -0.235123 -0.041927 0.229126
v -0.235123 -0.118835 0.190674
v -0.235123 -0.140808 0.157715
v -0.235123 -0.175598 -0.331207
v -0.235123 -0.177429 0.113762
v -0.235123 -0.272644 -0.105972
v -0.236954 0.000187 -0.322052
v -0.236954 0.086250 -0.215836
v -0.236954 0.111885 -0.137100
v -0.236954 -0.027279 -0.351349
v -0.236954 -0.080383 0.201660
v -0.236954 -0.263489 -0.062023
v -0.238785 0.056953 -0.252472
v -0.238785 0.075264 0.132080
v -0.238785 0.111885 -0.094986
v -0.238785 -0.228699 -0.239639
v -0.240616 0.058784 0.163208
v -0.240616 0.100899 0.071648
v -0.240616 -0.071228 -0.387970
v -0.242447 0.009343 0.232788
v -0.242447 0.023993 0.230957
v -0.242447 0.045963 0.194336
v -0.242447 0.086250 -0.181046
v -0.242447 0.104561 0.035027
v -0.242447 0.106392 -0.005259
v -0.242447 0.110054 -0.049206
v -0.242447 -0.091370 -0.386139
v -0.242447 -0.127991 -0.364166
v -0.242447 -0.204895 -0.278107
v -0.242447 -0.219543 0.020376
v -0.244278 0.077095 0.106438
v -0.244278 -0.228699 -0.201187
v -0.246109 0.003849 -0.290924
v -0.246109 0.056953 -0.223160
v -0.246109 0.060616 0.135742
v -0.246109 0.086250 -0.142593
v -0.246109 -0.010799 0.218140
v -0.246109 -0.107849 0.170532
v -0.246109 -0.153625 0.099113
v -0.246109 -0.243347 -0.127945
v -0.247940 -0.041927 0.192505
v -0.247940 -0.058411 -0.358673
v -0.247940 -0.177429 0.056999
v -0.247940 -0.177429 -0.311066
v -0.247940 -0.228699 -0.162735
v -0.249771 0.047798 0.170532
v -0.249771 0.078926 0.077141
v -0.249771 0.086250 -0.100479
v -0.249771 -0.080383 0.166870
v -0.249771 -0.142639 0.102776
v -0.249771 -0.151794 -0.338531
v -0.249771 -0.208557 -0.245132
v -0.249771 -0.219543 -0.034557
v -0.251587 0.013005 -0.259796
v -0.251587 0.058784 -0.188370
v -0.251587 0.084419 -0.054699
v -0.251587 -0.118835 0.143066
v -0.251587 -0.190247 0.007559
v -0.253418 0.009343 0.205322
v -0.253418 0.029486 0.207153
v -0.253418 0.080757 0.036858
v -0.253418 0.082588 -0.008921
v -0.253418 -0.041927 -0.327545
v -0.253418 -0.104187 -0.371490
v -0.253418 -0.188416 -0.283600
v -0.253418 -0.203064 -0.040051
v -0.253418 -0.212219 -0.206680
v -0.253418 -0.219543 -0.084000
v -0.253418 -0.221375 -0.129776
v -0.255249 0.049629 0.141235
v -0.255249 0.058784 0.095451
v -0.255249 0.058784 -0.151749
v -0.255249 -0.010799 0.183350
v -0.257080 -0.029110 -0.296417
v -0.257080 -0.160950 0.044182
v -0.257080 -0.212219 -0.164566
v -0.258911 0.029486 -0.201187
v -0.258911 0.060616 -0.107803
v -0.258911 -0.041927 0.154053
v -0.258911 -0.084045 -0.365997
v -0.258911 -0.203064 -0.084000
v -0.258911 -0.208557 -0.126114
v -0.260742 0.009343 0.176025
v -0.260742 0.029486 0.185181
v -0.260742 0.060616 0.031364
v -0.260742 0.060616 -0.062023
v -0.260742 -0.016293 -0.263458
v -0.260742 -0.175598 -0.001596
v -0.260742 -0.190247 -0.043713
v -0.262573 0.002018 -0.224991
v -0.262573 0.033146 -0.164566
v -0.262573 0.044132 0.100945
v -0.262573 0.060616 -0.014414
v -0.264404 -0.117004 -0.355011
v -0.264404 -0.157288 -0.314728
v -0.266235 0.029486 0.159546
v -0.266235 0.034977 -0.118790
v -0.266235 -0.074890 -0.338531
v -0.266235 -0.091370 -0.351349
v -0.266235 -0.173767 -0.285431
v -0.266235 -0.188416 -0.250641
v -0.268066 0.003849 0.144897
v -0.268066 0.003849 -0.184708
v -0.268066 0.038639 -0.071182
v -0.268066 0.040470 -0.021738
v -0.268066 0.042301 0.027702
v -0.268066 -0.131653 -0.340363
v -0.268066 -0.193909 -0.212173
v -0.269897 -0.109680 -0.336700
v -0.269897 -0.124329 0.077141
v -0.269897 -0.142639 0.038689
v -0.269897 -0.175598 -0.045544
v -0.269897 -0.188416 -0.085831
v -0.269897 -0.195740 -0.129776
v -0.269897 -0.195740 -0.166397
v -0.271729 0.009343 -0.135269
v -0.271729 0.025824 0.027702
v -0.271729 0.025824 0.132080
v -0.271729 0.027655 0.077141
v -0.271729 -0.047421 -0.263458
v -0.271729 -0.065735 -0.305573
v -0.271729 -0.074890 0.110100
v -0.271729 -0.106018 0.104607
v -0.271729 -0.149963 -0.312897
v -0.271729 -0.159119 -0.003428
v -0.273560 0.003849 0.115593
v -0.273560 0.016666 0.082634
v -0.273560 0.016666 -0.082169
v -0.273560 0.022161 -0.027231
v -0.273560 -0.001644 0.097282
v -0.273560 -0.014462 0.049675
v -0.273560 -0.025448 -0.003428
v -0.273560 -0.030941 -0.215836
v -0.273560 -0.038265 -0.060192
v -0.273560 -0.051083 -0.115128
v -0.273560 -0.062073 -0.166397
v -0.273560 -0.062073 -0.219498
v -0.273560 -0.078552 -0.223160
v -0.273560 -0.078552 -0.316559
v -0.273560 -0.095032 -0.267120
v -0.273560 -0.102356 -0.318390
v -0.273560 -0.109680 -0.303741
v -0.273560 -0.118835 0.064323
v -0.273560 -0.135315 -0.320221
v -0.273560 -0.138977 0.016714
v -0.273560 -0.151794 -0.289093
v -0.273560 -0.155457 -0.040051
v -0.273560 -0.166443 -0.285431
v -0.273560 -0.168274 -0.087662
v -0.273560 -0.168274 -0.239639
v -0.273560 -0.175598 -0.131607
v -0.273560 -0.177429 -0.175552
v -0.273560 -0.177429 -0.250641
v -0.273560 -0.181091 -0.087662
v -0.273560 -0.184753 -0.212173
v -0.275391 0.000187 -0.034557
v -0.275391 0.005681 0.069817
v -0.275391 0.009343 0.025871
v -0.275391 -0.005306 0.014884
v -0.275391 -0.018124 -0.045544
v -0.275391 -0.032772 -0.111465
v -0.275391 -0.041927 -0.215836
v -0.275391 -0.045589 -0.168228
v -0.275391 -0.058411 -0.268951
v -0.275391 -0.085876 -0.287262
v -0.275391 -0.186584 -0.129776
v -0.275391 -0.188416 -0.166397
v -0.277222 -0.014462 -0.105972
v -0.277222 -0.027279 -0.162735
vt 0.533447 0.329590
vt 0.512207 0.354248
vt 0.486328 0.330566
vt 0.468994 0.359131
vt 0.511475 0.297852
vt 0.545410 0.361816
vt 0.448242 0.343262
vt 0.492676 0.382812
vt 0.526855 0.384277
vt 0.455566 0.387695
vt 0.502686 0.392822
vt 0.433105 0.384033
vt 0.459473 0.392578
vt 0.502686 0.395020
vt 0.537842 0.393311
vt 0.433105 0.391357
vt 0.440186 0.394287
vt 0.407471 0.393066
vt 0.413818 0.386719
vt 0.550781 0.384033
vt 0.567383 0.388184
vt 0.568115 0.394287
vt 0.422852 0.342041
vt 0.593262 0.391602
vt 0.589355 0.395752
vt 0.616211 0.389893
vt 0.610352 0.395996
vt 0.604004 0.383301
vt 0.585938 0.385010
vt 0.576172 0.372559
vt 0.595459 0.369873
vt 0.614502 0.366943
vt 0.603027 0.353760
vt 0.566162 0.360596
vt 0.585449 0.354492
vt 0.561279 0.329346
vt 0.583984 0.305176
vt 0.601562 0.306396
vt 0.593262 0.290283
vt 0.543457 0.298340
vt 0.564453 0.299316
vt 0.573730 0.287109
vt 0.582520 0.275635
vt 0.563965 0.272461
vt 0.547607 0.276367
vt 0.534180 0.268799
vt 0.564453 0.266846
vt 0.524658 0.276611
vt 0.498291 0.270264
vt 0.499023 0.267334
vt 0.456055 0.270996
vt 0.472412 0.276611
vt 0.441162 0.280273
vt 0.467285 0.302734
vt 0.429688 0.273682
vt 0.438477 0.315430
vt 0.415039 0.315186
vt 0.417725 0.279053
vt 0.404053 0.273438
vt 0.401367 0.279541
vt 0.375977 0.277588
vt 0.406494 0.342529
vt 0.395508 0.322754
vt 0.386719 0.282227
vt 0.395996 0.386475
vt 0.390137 0.352295
vt 0.380615 0.315430
vt 0.379395 0.391113
vt 0.383301 0.395264
vt 0.356934 0.395508
vt 0.375977 0.381104
vt 0.353760 0.390625
vt 0.334473 0.395996
vt 0.377197 0.343750
vt 0.357910 0.376221
vt 0.332275 0.388916
vt 0.312744 0.389160
vt 0.311279 0.395752
vt 0.340820 0.377197
vt 0.292725 0.393066
vt 0.322266 0.375244
vt 0.337646 0.336914
vt 0.358887 0.334717
vt 0.369141 0.288086
vt 0.351074 0.291992
vt 0.350586 0.281006
vt 0.353516 0.275879
vt 0.338379 0.295898
vt 0.329346 0.285400
vt 0.320068 0.300049
vt 0.309814 0.287842
vt 0.316895 0.337402
vt 0.304932 0.305176
vt 0.291260 0.293213
vt 0.306885 0.372559
vt 0.300537 0.338623
vt 0.290527 0.308350
vt 0.274658 0.299805
vt 0.277344 0.312500
vt 0.283936 0.340088
vt 0.265137 0.318604
vt 0.292480 0.371582
vt 0.293945 0.386719
vt 0.274658 0.391602
vt 0.279053 0.369629
vt 0.266602 0.365967
vt 0.248779 0.343506
vt 0.277100 0.383057
vt 0.262207 0.383545
vt 0.168213 0.261963
vt 0.173584 0.263672
vt 0.167725 0.289795
vt 0.163086 0.280762
vt 0.171875 0.286133
vt 0.170654 0.309326
vt 0.164795 0.314941
vt 0.179199 0.265381
vt 0.175293 0.294434
vt 0.170898 0.329102
vt 0.164307 0.334717
vt 0.172119 0.350098
vt 0.175049 0.320068
vt 0.178467 0.347168
vt 0.165771 0.354736
vt 0.177246 0.371582
vt 0.184082 0.370117
vt 0.180664 0.311279
vt 0.181641 0.330078
vt 0.181641 0.289062
vt 0.194336 0.322266
vt 0.185547 0.344727
vt 0.193115 0.301270
vt 0.195557 0.279297
vt 0.204834 0.301514
vt 0.206543 0.322510
vt 0.206543 0.276123
vt 0.197021 0.335205
vt 0.209717 0.341797
vt 0.199219 0.352051
vt 0.214844 0.359619
vt 0.198242 0.254883
vt 0.211426 0.246826
vt 0.204102 0.365234
vt 0.204346 0.228760
vt 0.218262 0.218018
vt 0.184570 0.237305
vt 0.180908 0.233887
vt 0.178223 0.233154
vt 0.192627 0.210205
vt 0.212891 0.200928
vt 0.190918 0.201416
vt 0.204834 0.176025
vt 0.222412 0.171631
vt 0.212402 0.146484
vt 0.203613 0.162598
vt 0.215820 0.147461
vt 0.228271 0.123047
vt 0.224365 0.118896
vt 0.238525 0.101074
vt 0.240967 0.104980
vt 0.254883 0.086182
vt 0.084717 0.058350
vt 0.083496 0.034668
vt 0.086670 0.041260
vt 0.086670 0.011719
vt 0.041748 0.028076
vt 0.043701 0.026855
vt 0.057373 0.053223
vt 0.022949 0.001709
vt 0.023682 0.010254
vt 0.052490 0.056641
vt 0.065430 0.073486
vt 0.039307 0.032471
vt 0.017822 0.030518
vt 0.001709 0.007568
vt 0.031006 0.052490
vt 0.029297 0.074219
vt 0.016113 0.048584
vt 0.041016 0.074219
vt 0.038574 0.097412
vt 0.057129 0.079102
vt 0.049805 0.093994
vt 0.054932 0.114258
vt 0.043213 0.117676
vt 0.064697 0.099365
vt 0.064697 0.082031
vt 0.073730 0.094482
vt 0.070801 0.075684
vt 0.072754 0.105957
vt 0.069580 0.117432
vt 0.079590 0.113281
vt 0.081055 0.098389
vt 0.087646 0.117188
vt 0.077881 0.132812
vt 0.084717 0.133545
vt 0.092285 0.136475
vt 0.086670 0.155762
vt 0.070312 0.132568
vt 0.079590 0.156250
vt 0.056396 0.127197
vt 0.046143 0.136963
vt 0.059326 0.143799
vt 0.046875 0.155518
vt 0.082520 0.178467
vt 0.089844 0.171631
vt 0.059082 0.157959
vt 0.077393 0.177002
vt 0.058105 0.174316
vt 0.045898 0.173340
vt 0.071533 0.196777
vt 0.074951 0.201172
vt 0.084717 0.187012
vt 0.062988 0.215820
vt 0.054688 0.190674
vt 0.041992 0.190430
vt 0.066406 0.220215
vt 0.049072 0.206787
vt 0.037354 0.206787
vt 0.042480 0.223145
vt 0.030762 0.222900
vt 0.052734 0.236084
vt 0.056152 0.239014
vt 0.033203 0.240479
vt 0.022705 0.237549
vt 0.013672 0.254150
vt 0.041260 0.255615
vt 0.023682 0.258545
vt 0.045898 0.259277
vt 0.027344 0.277832
vt 0.012207 0.276123
vt 0.033203 0.280029
vt 0.013672 0.298584
vt 0.003174 0.294922
vt 0.020020 0.301025
vt 0.001709 0.316650
vt 0.942871 0.265869
vt 0.958008 0.259277
vt 0.956055 0.276611
vt 0.963867 0.268555
vt 0.961914 0.290771
vt 0.939697 0.284424
vt 0.926758 0.272217
vt 0.950928 0.295166
vt 0.959961 0.309570
vt 0.924561 0.289551
vt 0.879150 0.272217
vt 0.934814 0.303223
vt 0.947998 0.313965
vt 0.958008 0.328857
vt 0.965088 0.325928
vt 0.881348 0.289551
vt 0.865967 0.284424
vt 0.920654 0.304688
vt 0.931885 0.317627
vt 0.943848 0.328857
vt 0.954102 0.343994
vt 0.964111 0.348145
vt 0.959961 0.364014
vt 0.937988 0.341797
vt 0.928711 0.328369
vt 0.918701 0.319092
vt 0.944824 0.356934
vt 0.887451 0.319092
vt 0.916748 0.329102
vt 0.918701 0.341064
vt 0.925781 0.354004
vt 0.927734 0.364746
vt 0.903564 0.355469
vt 0.887451 0.341064
vt 0.889404 0.329102
vt 0.877197 0.328369
vt 0.948975 0.370361
vt 0.962158 0.379639
vt 0.966064 0.371094
vt 0.968018 0.393799
vt 0.963135 0.395996
vt 0.968994 0.412842
vt 0.950928 0.384521
vt 0.951904 0.403564
vt 0.928711 0.390869
vt 0.927734 0.377441
vt 0.903564 0.385986
vt 0.903564 0.369629
vt 0.878174 0.377441
vt 0.877197 0.390869
vt 0.878174 0.364746
vt 0.880371 0.354004
vt 0.854980 0.384521
vt 0.853760 0.403564
vt 0.842773 0.395996
vt 0.836670 0.412842
vt 0.837646 0.393799
vt 0.843750 0.379639
vt 0.856934 0.370361
vt 0.845947 0.364014
vt 0.839844 0.371094
vt 0.861084 0.356934
vt 0.852051 0.343994
vt 0.841797 0.348145
vt 0.868164 0.341797
vt 0.847900 0.328857
vt 0.862061 0.328857
vt 0.857910 0.313965
vt 0.874268 0.317627
vt 0.845947 0.309570
vt 0.854980 0.295166
vt 0.843750 0.290771
vt 0.849854 0.276611
vt 0.871094 0.303223
vt 0.885254 0.304688
vt 0.391357 0.270020
vt 0.373291 0.270508
vt 0.333008 0.264160
vt 0.361572 0.263428
vt 0.326172 0.258545
vt 0.391602 0.266357
vt 0.419922 0.266357
vt 0.422363 0.271484
vt 0.367676 0.249512
vt 0.394531 0.252441
vt 0.420166 0.254639
vt 0.445557 0.267090
vt 0.443115 0.263184
vt 0.444580 0.254883
vt 0.467285 0.259277
vt 0.471436 0.262939
vt 0.494141 0.256592
vt 0.470703 0.253906
vt 0.499268 0.248535
vt 0.518066 0.247803
vt 0.470703 0.248535
vt 0.447021 0.249268
vt 0.522461 0.241211
vt 0.538330 0.242188
vt 0.497070 0.239502
vt 0.544922 0.233887
vt 0.557617 0.234131
vt 0.522217 0.221924
vt 0.473145 0.239990
vt 0.497070 0.221924
vt 0.567383 0.224121
vt 0.580811 0.222656
vt 0.549316 0.208496
vt 0.563721 0.218018
vt 0.585938 0.211914
vt 0.591064 0.213379
vt 0.580078 0.207764
vt 0.571289 0.192139
vt 0.523926 0.203125
vt 0.598389 0.200439
vt 0.602539 0.201904
vt 0.608643 0.185547
vt 0.594727 0.195801
vt 0.602783 0.183105
vt 0.612305 0.164062
vt 0.616455 0.165283
vt 0.615234 0.145508
vt 0.600586 0.157715
vt 0.587891 0.175537
vt 0.570801 0.168457
vt 0.586182 0.150879
vt 0.597412 0.134766
vt 0.593994 0.118408
vt 0.608887 0.127441
vt 0.581787 0.127441
vt 0.567627 0.142822
vt 0.588623 0.094971
vt 0.597168 0.100586
vt 0.577881 0.112793
vt 0.581543 0.068359
vt 0.562500 0.119629
vt 0.558594 0.104980
vt 0.574219 0.064697
vt 0.567871 0.045166
vt 0.558350 0.083008
vt 0.533203 0.095459
vt 0.538574 0.110596
vt 0.543701 0.134277
vt 0.554443 0.057129
vt 0.562744 0.042236
vt 0.533691 0.072998
vt 0.550049 0.037842
vt 0.552734 0.028564
vt 0.533691 0.050781
vt 0.542480 0.024414
vt 0.544189 0.017090
vt 0.531250 0.010010
vt 0.531250 0.032227
vt 0.527100 0.019531
vt 0.519043 0.006592
vt 0.511230 0.015625
vt 0.505371 0.003174
vt 0.512451 0.027344
vt 0.493408 0.014160
vt 0.490479 0.001953
vt 0.478271 0.010986
vt 0.463623 0.001953
vt 0.492188 0.039307
vt 0.513184 0.044922
vt 0.513184 0.066895
vt 0.493652 0.061279
vt 0.462646 0.048828
vt 0.491699 0.075684
vt 0.520020 0.083496
vt 0.501709 0.085205
vt 0.454834 0.063477
vt 0.510010 0.101562
vt 0.475342 0.077637
vt 0.481689 0.093506
vt 0.515137 0.124512
vt 0.484619 0.115967
vt 0.519775 0.149902
vt 0.489990 0.140869
vt 0.547607 0.159424
vt 0.550781 0.186523
vt 0.522705 0.177734
vt 0.494385 0.168457
vt 0.496338 0.196289
vt 0.470459 0.217041
vt 0.468262 0.188721
vt 0.463379 0.160645
vt 0.444336 0.238525
vt 0.442627 0.211426
vt 0.438965 0.182129
vt 0.458496 0.133545
vt 0.433838 0.153564
vt 0.453857 0.107910
vt 0.427979 0.125977
vt 0.410645 0.175293
vt 0.404541 0.146729
vt 0.416016 0.205811
vt 0.383789 0.169678
vt 0.419678 0.236572
vt 0.388672 0.199707
vt 0.394775 0.233887
vt 0.430176 0.245361
vt 0.425049 0.247803
vt 0.403076 0.241943
vt 0.401855 0.245361
vt 0.371582 0.238525
vt 0.380859 0.237061
vt 0.367920 0.228271
vt 0.353027 0.231201
vt 0.334717 0.229980
vt 0.364014 0.194824
vt 0.345459 0.222900
vt 0.328857 0.226074
vt 0.302490 0.220703
vt 0.323486 0.218262
vt 0.297363 0.212158
vt 0.306396 0.203857
vt 0.274414 0.208740
vt 0.272217 0.199463
vt 0.253174 0.196777
vt 0.252441 0.187256
vt 0.236816 0.185059
vt 0.236572 0.170654
vt 0.214844 0.160889
vt 0.224365 0.151611
vt 0.342773 0.191406
vt 0.321777 0.186768
vt 0.334961 0.160889
vt 0.358154 0.164795
vt 0.351562 0.136230
vt 0.376953 0.140869
vt 0.328613 0.137939
vt 0.398926 0.119629
vt 0.370361 0.113770
vt 0.345215 0.109131
vt 0.320557 0.119385
vt 0.322021 0.106689
vt 0.324951 0.099365
vt 0.423340 0.100586
vt 0.395996 0.102295
vt 0.369629 0.104492
vt 0.346924 0.099854
vt 0.323486 0.090088
vt 0.305420 0.098877
vt 0.346436 0.089844
vt 0.323975 0.084229
vt 0.368652 0.096191
vt 0.392090 0.092041
vt 0.346191 0.085205
vt 0.368652 0.086670
vt 0.417969 0.089355
vt 0.392090 0.081299
vt 0.416260 0.076904
vt 0.405273 0.072510
vt 0.448486 0.092529
vt 0.451416 0.086670
vt 0.438232 0.070801
vt 0.432129 0.066162
vt 0.468262 0.012207
vt 0.442383 0.015137
vt 0.455322 0.006348
vt 0.433838 0.000732
vt 0.426025 0.007080
vt 0.402100 0.000732
vt 0.414062 0.016357
vt 0.393555 0.008789
vt 0.364014 0.002686
vt 0.374023 0.076172
vt 0.383545 0.018555
vt 0.348389 0.079102
vt 0.325195 0.079346
vt 0.358643 0.011475
vt 0.333740 0.004639
vt 0.354248 0.020752
vt 0.328369 0.013672
vt 0.304688 0.007812
vt 0.326660 0.022217
vt 0.302979 0.076904
vt 0.300049 0.017822
vt 0.275879 0.012451
vt 0.262207 0.024414
vt 0.295654 0.026123
vt 0.272705 0.068359
vt 0.270996 0.030762
vt 0.250488 0.035156
vt 0.250732 0.056641
vt 0.238037 0.046387
vt 0.244385 0.030518
vt 0.239258 0.053955
vt 0.126221 0.155273
vt 0.111572 0.140381
vt 0.125732 0.117188
vt 0.111328 0.108398
vt 0.125244 0.084717
vt 0.099365 0.128418
vt 0.100586 0.157227
vt 0.112549 0.170166
vt 0.102051 0.095215
vt 0.111816 0.080078
vt 0.096436 0.163086
vt 0.094727 0.141113
vt 0.098145 0.102051
vt 0.103027 0.070801
vt 0.113525 0.053467
vt 0.105713 0.047119
vt 0.114990 0.028564
vt 0.109619 0.025391
vt 0.117432 0.002441
vt 0.101318 0.186768
vt 0.113525 0.196777
vt 0.096191 0.189453
vt 0.095703 0.211914
vt 0.103027 0.214844
vt 0.104004 0.237549
vt 0.094727 0.235596
vt 0.724854 0.527100
vt 0.724854 0.553955
vt 0.720703 0.549805
vt 0.717773 0.575439
vt 0.713867 0.572021
vt 0.712891 0.598633
vt 0.721680 0.579590
vt 0.718750 0.602051
vt 0.713623 0.622559
vt 0.708496 0.575928
vt 0.706787 0.623291
vt 0.705566 0.604492
vt 0.703613 0.644043
vt 0.709961 0.643555
vt 0.700684 0.628418
vt 0.698486 0.664307
vt 0.696533 0.651611
vt 0.706787 0.663330
vt 0.702637 0.576416
vt 0.718262 0.664307
vt 0.716064 0.679688
vt 0.699951 0.680420
vt 0.724854 0.706055
vt 0.690674 0.688965
vt 0.690186 0.675293
vt 0.681152 0.695557
vt 0.683838 0.700684
vt 0.684082 0.672607
vt 0.677002 0.690430
vt 0.673096 0.709717
vt 0.675781 0.713867
vt 0.668457 0.706787
vt 0.660645 0.683594
vt 0.672607 0.659424
vt 0.662109 0.722412
vt 0.665771 0.724854
vt 0.658691 0.716797
vt 0.647949 0.702637
vt 0.643799 0.729248
vt 0.646240 0.733643
vt 0.634766 0.718262
vt 0.628418 0.735352
vt 0.613770 0.718506
vt 0.625732 0.704590
vt 0.597900 0.717285
vt 0.638428 0.686523
vt 0.609863 0.731445
vt 0.603760 0.703613
vt 0.614502 0.687012
vt 0.652100 0.663818
vt 0.575195 0.715332
vt 0.582520 0.723389
vt 0.626953 0.664551
vt 0.664551 0.635010
vt 0.640869 0.637207
vt 0.682129 0.630859
vt 0.696777 0.603760
vt 0.679688 0.605957
vt 0.655273 0.608643
vt 0.695068 0.579834
vt 0.672852 0.580566
vt 0.629395 0.610596
vt 0.691650 0.552246
vt 0.646240 0.582275
vt 0.665771 0.554199
vt 0.696533 0.537109
vt 0.688477 0.528320
vt 0.659424 0.529053
vt 0.685059 0.504639
vt 0.638184 0.554688
vt 0.620117 0.581543
vt 0.612061 0.553955
vt 0.595215 0.580811
vt 0.604004 0.610352
vt 0.614990 0.638428
vt 0.581543 0.609131
vt 0.572754 0.580322
vt 0.591553 0.637695
vt 0.603760 0.664551
vt 0.561279 0.609619
vt 0.593506 0.685547
vt 0.558594 0.577393
vt 0.570312 0.636230
vt 0.581787 0.662842
vt 0.589844 0.701904
vt 0.579346 0.683594
vt 0.566895 0.659668
vt 0.559570 0.686768
vt 0.545410 0.705322
vt 0.550293 0.712158
vt 0.535645 0.686523
vt 0.523438 0.697266
vt 0.518066 0.685303
vt 0.547119 0.663574
vt 0.527832 0.666992
vt 0.511230 0.667725
vt 0.554932 0.648682
vt 0.540039 0.644531
vt 0.520752 0.647949
vt 0.533203 0.626221
vt 0.545166 0.621826
vt 0.514404 0.628174
vt 0.505615 0.650146
vt 0.500000 0.665527
vt 0.493164 0.633545
vt 0.495605 0.650635
vt 0.554688 0.630371
vt 0.545654 0.605469
vt 0.530762 0.587402
vt 0.536865 0.570312
vt 0.553223 0.581299
vt 0.554199 0.548340
vt 0.564697 0.551758
vt 0.541748 0.548096
vt 0.555908 0.522705
vt 0.565430 0.525146
vt 0.545166 0.524170
vt 0.549805 0.500977
vt 0.559082 0.499756
vt 0.552734 0.479004
vt 0.562744 0.478271
vt 0.719727 0.498291
vt 0.719727 0.525391
vt 0.704346 0.502441
vt 0.701660 0.477051
vt 0.717285 0.469727
vt 0.706787 0.526611
vt 0.717041 0.548096
vt 0.708008 0.550293
vt 0.698975 0.531738
vt 0.701660 0.552979
vt 0.695801 0.509766
vt 0.692383 0.511230
vt 0.688477 0.481445
vt 0.693604 0.487793
vt 0.687500 0.458496
vt 0.680420 0.447266
vt 0.292236 0.120605
vt 0.291504 0.152588
vt 0.281006 0.132812
vt 0.283203 0.166016
vt 0.292236 0.180908
vt 0.284180 0.190186
vt 0.294189 0.207275
vt 0.282715 0.104004
vt 0.294189 0.090820
vt 0.279297 0.098145
vt 0.284668 0.074463
vt 0.277100 0.120117
vt 0.057373 0.049072
vt 0.057373 0.020752
vt 0.064209 0.045166
vt 0.206543 0.150146
vt 0.199463 0.150879
vt 0.207275 0.126953
vt 0.198242 0.126465
vt 0.206299 0.106934
vt 0.198242 0.104004
vt 0.207275 0.087646
vt 0.197266 0.083984
vt 0.207275 0.068848
vt 0.195312 0.065430
vt 0.207275 0.051025
vt 0.197266 0.048340
vt 0.207275 0.033936
vt 0.197266 0.029785
vt 0.207275 0.017578
vt 0.196289 0.010742
vt 0.207275 0.001465
vt 0.612549 0.303955
vt 0.604004 0.268311
vt 0.611328 0.286133
vt 0.605469 0.259521
vt 0.600586 0.238770
vt 0.616455 0.310547
vt 0.608643 0.247559
vt 0.606201 0.224854
vt 0.597412 0.214600
vt 0.604248 0.203613
vt 0.614258 0.273193
vt 0.642822 0.253662
vt 0.636719 0.228516
vt 0.619629 0.295166
vt 0.647705 0.277832
vt 0.667236 0.234375
vt 0.660645 0.208496
vt 0.689209 0.214844
vt 0.672852 0.259766
vt 0.696045 0.241699
vt 0.716797 0.222412
vt 0.709473 0.195068
vt 0.735107 0.202393
vt 0.742432 0.229980
vt 0.750488 0.208252
vt 0.723145 0.249756
vt 0.701904 0.268311
vt 0.677979 0.284912
vt 0.740723 0.255127
vt 0.753662 0.235107
vt 0.729004 0.277100
vt 0.706299 0.293457
vt 0.651367 0.299561
vt 0.681641 0.308350
vt 0.738281 0.279541
vt 0.750732 0.258301
vt 0.746582 0.280273
vt 0.742920 0.301514
vt 0.733398 0.302490
vt 0.704590 0.316650
vt 0.685303 0.337646
vt 0.743408 0.323730
vt 0.752686 0.323730
vt 0.752930 0.300781
vt 0.736084 0.326416
vt 0.758301 0.322754
vt 0.723389 0.326660
vt 0.708008 0.343994
vt 0.743896 0.343994
vt 0.733643 0.344482
vt 0.709961 0.364746
vt 0.735596 0.365234
vt 0.755371 0.342773
vt 0.760254 0.342041
vt 0.746094 0.366699
vt 0.759033 0.367188
vt 0.764893 0.366211
vt 0.737061 0.386475
vt 0.750000 0.387451
vt 0.764160 0.387695
vt 0.738770 0.406006
vt 0.711426 0.387939
vt 0.689453 0.380127
vt 0.673584 0.361572
vt 0.688232 0.392822
vt 0.660156 0.382812
vt 0.711670 0.404541
vt 0.704346 0.418457
vt 0.729736 0.417725
vt 0.752441 0.406006
vt 0.752686 0.425537
vt 0.763428 0.407227
vt 0.773926 0.406006
vt 0.730957 0.434814
vt 0.769531 0.422607
vt 0.771484 0.386475
vt 0.783691 0.421875
vt 0.775146 0.380859
vt 0.779297 0.404785
vt 0.765869 0.347168
vt 0.768799 0.435303
vt 0.751953 0.442627
vt 0.784668 0.436768
vt 0.768555 0.447021
vt 0.799072 0.434814
vt 0.783936 0.450195
vt 0.752441 0.457275
vt 0.768066 0.459961
vt 0.731934 0.449219
vt 0.712402 0.439209
vt 0.738770 0.464844
vt 0.761719 0.469971
vt 0.712158 0.453613
vt 0.693848 0.424805
vt 0.691406 0.437256
vt 0.675293 0.403809
vt 0.672363 0.419189
vt 0.682129 0.444092
vt 0.655518 0.398193
vt 0.657715 0.414307
vt 0.711914 0.462402
vt 0.694336 0.455566
vt 0.709961 0.465332
vt 0.667725 0.432129
vt 0.654541 0.416992
vt 0.642578 0.396729
vt 0.731445 0.469971
vt 0.728516 0.472900
vt 0.754150 0.475830
vt 0.745361 0.478027
vt 0.761475 0.480713
vt 0.779785 0.477783
vt 0.779297 0.469482
vt 0.795898 0.472168
vt 0.797852 0.478760
vt 0.817627 0.471924
vt 0.795654 0.461914
vt 0.815918 0.463623
vt 0.811279 0.453857
vt 0.781494 0.460449
vt 0.796387 0.451660
vt 0.806396 0.443115
vt 0.819092 0.441162
vt 0.810059 0.432617
vt 0.797119 0.423340
vt 0.789062 0.419678
vt 0.786865 0.406738
vt 0.813232 0.422607
vt 0.824707 0.421875
vt 0.808594 0.414795
vt 0.819336 0.406006
vt 0.831543 0.396729
vt 0.812988 0.395752
vt 0.817627 0.372803
vt 0.825439 0.371094
vt 0.835449 0.368896
vt 0.821533 0.343262
vt 0.763428 0.324219
vt 0.830322 0.343994
vt 0.839111 0.341064
vt 0.823242 0.316406
vt 0.832275 0.314453
vt 0.841309 0.311279
vt 0.763672 0.301270
vt 0.757568 0.301025
vt 0.825439 0.287842
vt 0.834473 0.280029
vt 0.842773 0.274414
vt 0.766602 0.276367
vt 0.827393 0.258301
vt 0.836426 0.248535
vt 0.842773 0.242920
vt 0.837646 0.219727
vt 0.761475 0.257568
vt 0.756104 0.279785
vt 0.770508 0.246826
vt 0.766113 0.235840
vt 0.772217 0.215820
vt 0.828857 0.230469
vt 0.776611 0.221924
vt 0.779541 0.201416
vt 0.831543 0.205566
vt 0.833008 0.196045
vt 0.794434 0.198730
vt 0.621826 0.337891
vt 0.614990 0.325439
vt 0.622803 0.351074
vt 0.617432 0.349854
vt 0.630859 0.372803
vt 0.624268 0.317871
vt 0.634033 0.369385
vt 0.630615 0.345459
vt 0.655762 0.321289
vt 0.638916 0.336914
vt 0.646484 0.359131
vt 0.643066 0.374023
vt 0.645996 0.394043
vt 0.008301 0.028809
vt 0.012695 0.054199
vt 0.007568 0.042480
vt 0.000977 0.009521
vt 0.015137 0.076416
vt 0.010742 0.074951
vt 0.014893 0.102539
vt 0.010986 0.101807
vt 0.009521 0.124756
vt 0.013428 0.125488
vt 0.008301 0.145020
vt 0.000977 0.162109
vt 0.620850 0.156738
vt 0.635498 0.130127
vt 0.637939 0.144531
vt 0.628662 0.165283
vt 0.653320 0.122559
vt 0.649902 0.107666
vt 0.665283 0.144531
vt 0.644287 0.181885
vt 0.612793 0.182373
vt 0.675049 0.168457
vt 0.669189 0.196045
vt 0.692871 0.189941
vt 0.670166 0.103271
vt 0.668457 0.088379
vt 0.698242 0.164307
vt 0.712158 0.182129
vt 0.701660 0.144287
vt 0.723633 0.165527
vt 0.724854 0.183105
vt 0.690430 0.084229
vt 0.688965 0.072021
vt 0.700439 0.091064
vt 0.734131 0.166992
vt 0.731934 0.186279
vt 0.727295 0.145508
vt 0.710449 0.071289
vt 0.711182 0.057129
vt 0.680176 0.064941
vt 0.684570 0.047852
vt 0.693359 0.054199
vt 0.711670 0.048584
vt 0.709961 0.045410
vt 0.739014 0.047607
vt 0.731934 0.041992
vt 0.729492 0.038818
vt 0.715332 0.032959
vt 0.755371 0.037354
vt 0.746826 0.034668
vt 0.763184 0.032471
vt 0.781250 0.036865
vt 0.762207 0.043701
vt 0.730713 0.062500
vt 0.751953 0.055908
vt 0.780029 0.045410
vt 0.728516 0.076904
vt 0.767822 0.054199
vt 0.750000 0.070801
vt 0.766846 0.067871
vt 0.749268 0.087891
vt 0.725830 0.093994
vt 0.766357 0.079590
vt 0.782715 0.065674
vt 0.781982 0.079590
vt 0.781250 0.054932
vt 0.796143 0.083496
vt 0.779785 0.094971
vt 0.795166 0.065430
vt 0.795654 0.054443
vt 0.796875 0.043701
vt 0.799561 0.037109
vt 0.818604 0.045898
vt 0.825684 0.037842
vt 0.825684 0.053467
vt 0.815918 0.054688
vt 0.820801 0.068848
vt 0.810303 0.064697
vt 0.804199 0.075439
vt 0.817139 0.077881
vt 0.807129 0.085938
vt 0.792725 0.094238
vt 0.784668 0.097900
vt 0.809082 0.095459
vt 0.820557 0.096436
vt 0.773926 0.111572
vt 0.814209 0.111328
vt 0.825684 0.120361
vt 0.803711 0.102539
vt 0.768555 0.109863
vt 0.764404 0.128662
vt 0.765869 0.092529
vt 0.757568 0.126953
vt 0.756592 0.147705
vt 0.758545 0.107422
vt 0.747314 0.107422
vt 0.733643 0.106201
vt 0.750732 0.146240
vt 0.750000 0.170654
vt 0.743408 0.125488
vt 0.745117 0.169189
vt 0.740967 0.187256
vt 0.746826 0.188721
vt 0.738037 0.145264
vt 0.730469 0.125244
vt 0.704834 0.121826
vt 0.706543 0.105469
vt 0.682373 0.127930
vt 0.682373 0.115234
vt 0.098877 0.076660
vt 0.089844 0.077393
vt 0.090820 0.057129
vt 0.098877 0.054443
vt 0.089600 0.037842
vt 0.099854 0.034424
vt 0.089600 0.019287
vt 0.101807 0.015625
vt 0.089600 0.001465
vt 0.188232 0.391602
vt 0.179199 0.386963
vt 0.192627 0.388672
vt 0.204346 0.405273
vt 0.202637 0.410400
vt 0.210205 0.380371
vt 0.221436 0.376221
vt 0.218506 0.419922
vt 0.218506 0.394531
vt 0.230469 0.390625
vt 0.216797 0.425049
vt 0.229004 0.407471
vt 0.239746 0.404297
vt 0.240479 0.420166
vt 0.251465 0.416748
vt 0.234863 0.435059
vt 0.254883 0.433105
vt 0.232666 0.438721
vt 0.252197 0.448730
vt 0.149658 0.616455
vt 0.123779 0.615723
vt 0.145508 0.596924
vt 0.174316 0.605469
vt 0.119629 0.596191
vt 0.098145 0.606201
vt 0.170166 0.585938
vt 0.194092 0.586670
vt 0.141357 0.576172
vt 0.092529 0.584961
vt 0.190674 0.564941
vt 0.115479 0.576660
vt 0.166016 0.566406
vt 0.136963 0.555420
vt 0.088135 0.562988
vt 0.111572 0.557617
vt 0.132568 0.533447
vt 0.162109 0.547363
vt 0.186035 0.543213
vt 0.157959 0.526367
vt 0.107422 0.536621
vt 0.127930 0.511475
vt 0.180176 0.519531
vt 0.153320 0.504150
vt 0.123291 0.489258
vt 0.102783 0.514404
vt 0.084229 0.539062
vt 0.075684 0.552734
vt 0.174316 0.495850
vt 0.147461 0.481201
vt 0.099121 0.490967
vt 0.080322 0.514893
vt 0.118652 0.465820
vt 0.076172 0.490479
vt 0.071533 0.527588
vt 0.068359 0.501953
vt 0.067871 0.530029
vt 0.064453 0.503662
vt 0.072021 0.555176
vt 0.061523 0.478760
vt 0.079346 0.575684
vt 0.074707 0.578369
vt 0.083496 0.596191
vt 0.079102 0.599121
vt 0.088623 0.615723
vt 0.065186 0.477295
vt 0.059814 0.455811
vt 0.073730 0.467773
vt 0.054932 0.456299
vt 0.063721 0.454346
vt 0.095459 0.468506
vt 0.092041 0.446777
vt 0.114258 0.444336
vt 0.071289 0.446533
vt 0.062500 0.428711
vt 0.088867 0.425781
vt 0.110107 0.423584
vt 0.142090 0.458984
vt 0.136475 0.437744
vt 0.168213 0.471680
vt 0.161865 0.449707
vt 0.131348 0.417236
vt 0.155518 0.429443
vt 0.106201 0.404785
vt 0.156738 0.409668
vt 0.165771 0.433594
vt 0.173340 0.455566
vt 0.180176 0.479248
vt 0.177246 0.455322
vt 0.169678 0.433350
vt 0.184326 0.479248
vt 0.187256 0.503906
vt 0.191650 0.504883
vt 0.193359 0.528809
vt 0.197754 0.529541
vt 0.199219 0.551270
vt 0.204346 0.552002
vt 0.203369 0.572021
vt 0.208740 0.572754
vt 0.206543 0.591797
vt 0.104736 0.869873
vt 0.113281 0.858887
vt 0.110596 0.879150
vt 0.063965 0.883301
vt 0.087158 0.865234
vt 0.100098 0.888916
vt 0.110352 0.892090
vt 0.109619 0.907959
vt 0.065430 0.899902
vt 0.100098 0.902832
vt 0.030762 0.895996
vt 0.019043 0.888428
vt 0.020996 0.900879
vt 0.024414 0.916504
vt 0.032715 0.909424
vt 0.067139 0.919434
vt 0.033936 0.921875
vt 0.026855 0.932861
vt 0.035889 0.932861
vt 0.052246 0.932373
vt 0.037598 0.948975
vt 0.028809 0.951904
vt 0.023193 0.934082
vt 0.025391 0.957031
vt 0.028320 0.974854
vt 0.020508 0.975342
vt 0.010010 0.988770
vt 0.020752 0.986084
vt 0.038574 0.966064
vt 0.055420 0.982178
vt 0.038330 0.990723
vt 0.059814 0.991699
vt 0.073975 0.983398
vt 0.053955 0.949463
vt 0.056641 0.966309
vt 0.072510 0.970703
vt 0.092773 0.978516
vt 0.090820 0.988525
vt 0.111572 0.983398
vt 0.070557 0.953857
vt 0.068848 0.937012
vt 0.087891 0.963135
vt 0.086914 0.946289
vt 0.085205 0.929199
vt 0.105713 0.959229
vt 0.117676 0.965820
vt 0.128174 0.975342
vt 0.103027 0.942627
vt 0.112305 0.943604
vt 0.101318 0.926514
vt 0.139648 0.975830
vt 0.140137 0.988525
vt 0.160156 0.991699
vt 0.125977 0.964600
vt 0.116943 0.947998
vt 0.114502 0.924805
vt 0.110352 0.924316
vt 0.101318 0.915039
vt 0.223633 0.018799
vt 0.223633 0.002441
vt 0.233887 0.014404
vt 0.233887 0.032959
vt 0.223633 0.035889
vt 0.042725 0.586670
vt 0.039062 0.569580
vt 0.052490 0.579590
vt 0.049072 0.563477
vt 0.034912 0.553711
vt 0.059570 0.564209
vt 0.063477 0.583008
vt 0.046143 0.544189
vt 0.057373 0.542969
vt 0.052979 0.521729
vt 0.029053 0.535645
vt 0.024414 0.538330
vt 0.016846 0.521729
vt 0.041992 0.523193
vt 0.021240 0.517334
vt 0.040527 0.501953
vt 0.050537 0.500488
vt 0.005127 0.499023
vt 0.000732 0.508301
vt 0.028564 0.503418
vt 0.026367 0.483398
vt 0.013428 0.485107
vt 0.023926 0.465820
vt 0.042236 0.479980
vt 0.040771 0.458496
vt 0.050293 0.479004
vt 0.057373 0.478027
vt 0.037598 0.441650
vt 0.026367 0.457275
vt 0.054443 0.433838
vt 0.041992 0.418457
vt 0.054199 0.412354
vt 0.053955 0.395752
vt 0.045166 0.398193
vt 0.052490 0.379150
vt 0.061768 0.409180
vt 0.060303 0.392578
vt 0.086182 0.407715
vt 0.083740 0.391357
vt 0.102783 0.388672
vt 0.126709 0.399414
vt 0.122559 0.383545
vt 0.149902 0.391357
vt 0.099854 0.373535
vt 0.081787 0.375977
vt 0.118408 0.368408
vt 0.059326 0.376953
vt 0.051514 0.363281
vt 0.096924 0.358887
vt 0.079834 0.361328
vt 0.058350 0.362061
vt 0.050293 0.347168
vt 0.056152 0.346191
vt 0.049072 0.330811
vt 0.078125 0.347412
vt 0.094238 0.345459
vt 0.054932 0.329834
vt 0.048096 0.315430
vt 0.076416 0.333496
vt 0.091309 0.331543
vt 0.114502 0.354248
vt 0.110840 0.340820
vt 0.088623 0.317627
vt 0.073486 0.319580
vt 0.053955 0.314453
vt 0.047119 0.300781
vt 0.041748 0.293701
vt 0.043213 0.311523
vt 0.046631 0.287354
vt 0.052246 0.300049
vt 0.051514 0.286377
vt 0.072021 0.306396
vt 0.070557 0.294189
vt 0.068115 0.282227
vt 0.081299 0.280762
vt 0.083740 0.292725
vt 0.086182 0.304932
vt 0.097412 0.288818
vt 0.094971 0.276611
vt 0.112061 0.274170
vt 0.100830 0.300781
vt 0.116455 0.286865
vt 0.116943 0.272949
vt 0.104248 0.313477
vt 0.120361 0.301025
vt 0.121582 0.285889
vt 0.123779 0.277100
vt 0.129395 0.294189
vt 0.126221 0.299561
vt 0.125244 0.315430
vt 0.131348 0.314209
vt 0.106934 0.327393
vt 0.130371 0.331055
vt 0.136475 0.329590
vt 0.134521 0.346436
vt 0.141602 0.344971
vt 0.139404 0.360596
vt 0.146729 0.360107
vt 0.144531 0.375488
vt 0.151855 0.375977
vt 0.160889 0.374512
vt 0.171631 0.392090
vt 0.158203 0.391357
vt 0.166260 0.411133
vt 0.185059 0.411865
vt 0.174561 0.431885
vt 0.207031 0.428711
vt 0.201660 0.421875
vt 0.188477 0.428467
vt 0.187988 0.450928
vt 0.180908 0.452881
vt 0.196045 0.470947
vt 0.211670 0.445557
vt 0.195801 0.448730
vt 0.206055 0.468262
vt 0.224365 0.442383
vt 0.202393 0.491455
vt 0.217773 0.465088
vt 0.237793 0.451904
vt 0.237061 0.443604
vt 0.229980 0.474854
vt 0.235840 0.477295
vt 0.213135 0.488281
vt 0.229980 0.494873
vt 0.235352 0.495361
vt 0.231934 0.513672
vt 0.217529 0.509521
vt 0.206787 0.512451
vt 0.213135 0.533203
vt 0.222412 0.528320
vt 0.234131 0.530029
vt 0.225830 0.544434
vt 0.237793 0.546875
vt 0.308594 0.496826
vt 0.303467 0.475830
vt 0.309082 0.474609
vt 0.301758 0.450439
vt 0.289795 0.468262
vt 0.289795 0.489014
vt 0.304199 0.497803
vt 0.233887 0.083496
vt 0.245117 0.092773
vt 0.233887 0.099854
vt 0.146973 0.069336
vt 0.144531 0.090576
vt 0.141113 0.067871
vt 0.146973 0.051025
vt 0.141113 0.045898
vt 0.039551 0.168457
vt 0.039062 0.191162
vt 0.034180 0.172363
vt 0.031738 0.203613
vt 0.031738 0.150635
vt 0.037354 0.150391
vt 0.272217 0.133789
vt 0.272949 0.115234
vt 0.277100 0.133789
vt 0.128174 0.166260
vt 0.122803 0.184814
vt 0.122803 0.162109
vt 0.094238 0.157227
vt 0.094238 0.180908
vt 0.089111 0.159668
vt 0.124512 0.042969
vt 0.120850 0.060303
vt 0.118652 0.039307
vt 0.118408 0.019287
vt 0.124512 0.014404
vt 0.122070 0.001953
vt 0.307373 0.080322
vt 0.302490 0.098145
vt 0.292236 0.080322
vt 0.295410 0.282715
vt 0.281738 0.281494
vt 0.291992 0.258301
vt 0.301758 0.282715
vt 0.298584 0.257812
vt 0.288818 0.236084
vt 0.281738 0.260986
vt 0.294434 0.234863
vt 0.285400 0.215576
vt 0.003906 0.098633
vt 0.009521 0.101318
vt 0.003906 0.124512
vt 0.949707 0.562988
vt 0.943848 0.573486
vt 0.941406 0.553711
vt 0.950195 0.533691
vt 0.948486 0.498047
vt 0.928223 0.581787
vt 0.943848 0.588867
vt 0.931641 0.512695
vt 0.922119 0.493652
vt 0.944580 0.471436
vt 0.919922 0.524170
vt 0.924805 0.567139
vt 0.914551 0.580322
vt 0.910400 0.593506
vt 0.907715 0.531494
vt 0.908447 0.507568
vt 0.895996 0.541260
vt 0.894043 0.518555
vt 0.882812 0.553955
vt 0.880859 0.529541
vt 0.895508 0.500488
vt 0.907959 0.488281
vt 0.883057 0.510742
vt 0.897217 0.482910
vt 0.917969 0.478027
vt 0.930176 0.464355
vt 0.940674 0.452881
vt 0.918945 0.457764
vt 0.907227 0.470947
vt 0.928711 0.443848
vt 0.937744 0.435547
vt 0.924561 0.428223
vt 0.918701 0.440674
vt 0.914307 0.426270
vt 0.914795 0.415283
vt 0.908691 0.454590
vt 0.909180 0.438232
vt 0.905029 0.424316
vt 0.901123 0.436035
vt 0.902100 0.452393
vt 0.899170 0.467041
vt 0.894531 0.449219
vt 0.893311 0.464355
vt 0.889404 0.479004
vt 0.885742 0.494385
vt 0.888184 0.445801
vt 0.893555 0.432861
vt 0.882080 0.459473
vt 0.878906 0.440430
vt 0.882812 0.428467
vt 0.845215 0.424561
vt 0.845459 0.408203
vt 0.847412 0.439209
vt 0.873535 0.453369
vt 0.848145 0.451904
vt 0.866943 0.464600
vt 0.845703 0.463623
vt 0.859863 0.475342
vt 0.841553 0.474854
vt 0.851318 0.484375
vt 0.834717 0.484375
vt 0.842285 0.494141
vt 0.819580 0.499512
vt 0.825684 0.507568
vt 0.807617 0.520508
vt 0.800293 0.510742
vt 0.795898 0.526611
vt 0.789307 0.514648
vt 0.784912 0.532471
vt 0.777344 0.515625
vt 0.772705 0.536377
vt 0.765381 0.514893
vt 0.760254 0.539795
vt 0.753418 0.510742
vt 0.763916 0.549561
vt 0.746338 0.541260
vt 0.739990 0.504883
vt 0.733887 0.541748
vt 0.724121 0.500732
vt 0.735352 0.553467
vt 0.749268 0.551758
vt 0.736328 0.561523
vt 0.750732 0.558838
vt 0.765381 0.554688
vt 0.724121 0.562012
vt 0.736328 0.569824
vt 0.778809 0.550781
vt 0.777344 0.545410
vt 0.751709 0.566895
vt 0.765625 0.561768
vt 0.780273 0.555908
vt 0.791748 0.544434
vt 0.789551 0.539795
vt 0.793213 0.549561
vt 0.802979 0.537598
vt 0.801270 0.533447
vt 0.805664 0.542725
vt 0.794434 0.554932
vt 0.815186 0.530273
vt 0.812500 0.526855
vt 0.817871 0.535400
vt 0.806641 0.547363
vt 0.820068 0.539795
vt 0.834229 0.518311
vt 0.831055 0.514404
vt 0.847168 0.500488
vt 0.837158 0.522461
vt 0.849609 0.503906
vt 0.856689 0.491211
vt 0.839600 0.525879
vt 0.854004 0.507812
vt 0.860107 0.494141
vt 0.865723 0.481689
vt 0.869629 0.485107
vt 0.874512 0.471436
vt 0.864258 0.498047
vt 0.857666 0.511230
vt 0.843994 0.531494
vt 0.868408 0.500244
vt 0.822998 0.545654
vt 0.862549 0.515625
vt 0.850586 0.540039
vt 0.809326 0.554199
vt 0.827148 0.554199
vt 0.796387 0.562256
vt 0.812988 0.564209
vt 0.780762 0.561768
vt 0.766602 0.568115
vt 0.782471 0.570557
vt 0.799805 0.573242
vt 0.751953 0.573975
vt 0.736328 0.579834
vt 0.768311 0.576904
vt 0.752441 0.584473
vt 0.736572 0.590332
vt 0.742188 0.604004
vt 0.726318 0.596436
vt 0.755859 0.597168
vt 0.759033 0.612793
vt 0.772461 0.588867
vt 0.786377 0.597168
vt 0.784912 0.582031
vt 0.783691 0.623535
vt 0.802002 0.611328
vt 0.803223 0.587891
vt 0.816162 0.603027
vt 0.839355 0.631592
vt 0.817627 0.634766
vt 0.817627 0.576904
vt 0.826660 0.593506
vt 0.856445 0.619141
vt 0.869629 0.626465
vt 0.857666 0.639160
vt 0.839111 0.584717
vt 0.871826 0.612793
vt 0.885498 0.612305
vt 0.831787 0.566895
vt 0.854736 0.575439
vt 0.845703 0.557129
vt 0.881104 0.603271
vt 0.862305 0.555420
vt 0.888916 0.590088
vt 0.897217 0.600830
vt 0.902832 0.608398
vt 0.902832 0.586670
vt 0.867432 0.540527
vt 0.869629 0.521729
vt 0.874512 0.504639
vt 0.878906 0.490479
vt 0.874268 0.487793
vt 0.883789 0.477051
vt 0.879150 0.474121
vt 0.886719 0.462402
vt 0.120605 0.192383
vt 0.115234 0.170166
vt 0.120605 0.168945
vt 0.115723 0.149414
vt 0.259277 0.866943
vt 0.267822 0.848633
vt 0.270508 0.869385
vt 0.275391 0.858887
vt 0.278320 0.875000
vt 0.260986 0.878174
vt 0.272461 0.883789
vt 0.283936 0.888184
vt 0.293213 0.883789
vt 0.294189 0.892578
vt 0.306396 0.894531
vt 0.291504 0.865967
vt 0.311523 0.889404
vt 0.324951 0.896484
vt 0.309082 0.873535
vt 0.291504 0.846191
vt 0.333740 0.893555
vt 0.349365 0.897461
vt 0.358154 0.895020
vt 0.328857 0.878906
vt 0.350342 0.881104
vt 0.306885 0.855225
vt 0.329590 0.858643
vt 0.347412 0.864014
vt 0.372070 0.881104
vt 0.367920 0.864502
vt 0.364990 0.843750
vt 0.380615 0.892334
vt 0.378906 0.896240
vt 0.400879 0.887207
vt 0.393311 0.876953
vt 0.387939 0.863037
vt 0.386475 0.842041
vt 0.407715 0.854736
vt 0.411865 0.869873
vt 0.418945 0.877686
vt 0.412109 0.832031
vt 0.381104 0.832520
vt 0.424805 0.845459
vt 0.427490 0.860107
vt 0.433838 0.866943
vt 0.438477 0.871582
vt 0.449463 0.859375
vt 0.441406 0.848145
vt 0.445557 0.854248
vt 0.459961 0.846436
vt 0.439697 0.834717
vt 0.454102 0.834473
vt 0.456787 0.840820
vt 0.470215 0.832520
vt 0.468018 0.825684
vt 0.479492 0.818359
vt 0.467041 0.820068
vt 0.453369 0.822021
vt 0.433350 0.820557
vt 0.478760 0.811279
vt 0.487549 0.803955
vt 0.477051 0.805420
vt 0.466309 0.809326
vt 0.452637 0.807373
vt 0.487061 0.786865
vt 0.488525 0.793457
vt 0.478516 0.795410
vt 0.457031 0.795410
vt 0.432861 0.811279
vt 0.409180 0.824951
vt 0.403564 0.817627
vt 0.473145 0.780518
vt 0.458984 0.771973
vt 0.475586 0.764893
vt 0.444092 0.793213
vt 0.423828 0.805908
vt 0.397705 0.806641
vt 0.417480 0.793945
vt 0.437988 0.781250
vt 0.447266 0.761719
vt 0.460449 0.755859
vt 0.434570 0.768066
vt 0.443359 0.750000
vt 0.422363 0.775146
vt 0.430420 0.756836
vt 0.409424 0.781982
vt 0.416748 0.764160
vt 0.396484 0.788818
vt 0.404053 0.770996
vt 0.412354 0.752197
vt 0.398926 0.758789
vt 0.426758 0.744873
vt 0.393799 0.745605
vt 0.407959 0.738525
vt 0.379883 0.753662
vt 0.385010 0.766846
vt 0.389648 0.778320
vt 0.365723 0.760742
vt 0.383789 0.796631
vt 0.371338 0.774170
vt 0.377197 0.785889
vt 0.371582 0.805176
vt 0.369873 0.822510
vt 0.364502 0.793701
vt 0.357910 0.782227
vt 0.351562 0.768799
vt 0.344971 0.791504
vt 0.351562 0.802734
vt 0.338867 0.777344
vt 0.331299 0.800293
vt 0.325439 0.786133
vt 0.338867 0.814209
vt 0.318359 0.771729
vt 0.303955 0.800049
vt 0.307129 0.817627
vt 0.348389 0.825684
vt 0.356445 0.834717
vt 0.329346 0.841797
vt 0.313477 0.834229
vt 0.290527 0.827881
vt 0.289551 0.808594
vt 0.271973 0.840332
vt 0.268066 0.821045
vt 0.272949 0.815918
vt 0.266357 0.791748
vt 0.290283 0.785645
vt 0.271484 0.789062
vt 0.263184 0.762939
vt 0.282715 0.765869
vt 0.299072 0.767578
vt 0.311523 0.754395
vt 0.275879 0.740967
vt 0.259277 0.733154
vt 0.269775 0.714111
vt 0.293457 0.749023
vt 0.285645 0.727051
vt 0.278809 0.703613
vt 0.262939 0.687012
vt 0.304443 0.737061
vt 0.296875 0.715820
vt 0.288818 0.694336
vt 0.309326 0.706543
vt 0.317383 0.726318
vt 0.324951 0.744629
vt 0.332275 0.761475
vt 0.345703 0.753174
vt 0.338135 0.736572
vt 0.358887 0.745117
vt 0.330078 0.718018
vt 0.322754 0.698242
vt 0.352295 0.727783
vt 0.373291 0.737793
vt 0.344971 0.709473
vt 0.366455 0.720703
vt 0.387939 0.730957
vt 0.336182 0.689941
vt 0.313477 0.677002
vt 0.300537 0.685547
vt 0.291748 0.664551
vt 0.359131 0.702393
vt 0.351074 0.682373
vt 0.374268 0.694580
vt 0.380615 0.712646
vt 0.396240 0.706787
vt 0.402832 0.724121
vt 0.388916 0.687744
vt 0.422119 0.732178
vt 0.417236 0.716797
vt 0.411133 0.699707
vt 0.403320 0.682129
vt 0.381592 0.671143
vt 0.396729 0.665039
vt 0.419189 0.676270
vt 0.425537 0.694336
vt 0.431152 0.710449
vt 0.436279 0.725098
vt 0.445801 0.704346
vt 0.440186 0.738281
vt 0.450439 0.718506
vt 0.453613 0.731689
vt 0.457275 0.744141
vt 0.474121 0.750000
vt 0.469971 0.737305
vt 0.466797 0.725586
vt 0.463623 0.712646
vt 0.489014 0.761963
vt 0.486816 0.746094
vt 0.483398 0.732910
vt 0.479736 0.720459
vt 0.495117 0.771484
vt 0.496582 0.775879
vt 0.501709 0.756592
vt 0.503174 0.759277
vt 0.507568 0.745117
vt 0.498291 0.741699
vt 0.509033 0.731201
vt 0.495361 0.728760
vt 0.514648 0.724365
vt 0.512695 0.736328
vt 0.511230 0.718506
vt 0.491943 0.716309
vt 0.503418 0.713623
vt 0.500488 0.701416
vt 0.510986 0.705811
vt 0.488525 0.703857
vt 0.476562 0.707275
vt 0.459961 0.699219
vt 0.473389 0.694092
vt 0.484863 0.689941
vt 0.496338 0.687744
vt 0.507080 0.686279
vt 0.492676 0.674561
vt 0.481201 0.676514
vt 0.468506 0.678955
vt 0.454346 0.683838
vt 0.440430 0.688965
vt 0.449219 0.667969
vt 0.463379 0.664551
vt 0.434326 0.671875
vt 0.428467 0.656250
vt 0.443848 0.652588
vt 0.252686 0.676270
vt 0.251709 0.715088
vt 0.237793 0.677490
vt 0.239014 0.711182
vt 0.238281 0.731445
vt 0.221680 0.700928
vt 0.200439 0.676270
vt 0.174316 0.209473
vt 0.182861 0.212402
vt 0.174316 0.231934
vt 0.066650 0.259033
vt 0.077393 0.259033
vt 0.070312 0.279053
vt 0.081055 0.082520
vt 0.074951 0.090576
vt 0.074951 0.060547
vt 0.033203 0.666504
vt 0.048340 0.657959
vt 0.046143 0.676025
vt 0.030029 0.682617
vt 0.025391 0.672119
vt 0.022949 0.692627
vt 0.014404 0.674316
vt 0.026367 0.701172
vt 0.022705 0.720459
vt 0.045654 0.695557
vt 0.026855 0.725830
vt 0.020020 0.750000
vt 0.044678 0.714111
vt 0.061035 0.687012
vt 0.025146 0.752930
vt 0.067383 0.708252
vt 0.017334 0.779053
vt 0.043213 0.733398
vt 0.060547 0.724609
vt 0.092041 0.728760
vt 0.083252 0.700928
vt 0.083984 0.684082
vt 0.063965 0.668701
vt 0.066895 0.652832
vt 0.062012 0.647705
vt 0.083740 0.663818
vt 0.089111 0.649414
vt 0.080566 0.646240
vt 0.104736 0.645996
vt 0.113525 0.648438
vt 0.105469 0.662354
vt 0.102051 0.678955
vt 0.118652 0.699951
vt 0.122314 0.679199
vt 0.127197 0.662842
vt 0.135986 0.651855
vt 0.134277 0.647949
vt 0.156006 0.657227
vt 0.148193 0.667236
vt 0.142334 0.681152
vt 0.140137 0.701904
vt 0.161621 0.689941
vt 0.166260 0.675049
vt 0.173828 0.667236
vt 0.165527 0.712646
vt 0.134521 0.711182
vt 0.178711 0.699463
vt 0.181641 0.685059
vt 0.188232 0.678467
vt 0.193115 0.673828
vt 0.203613 0.686279
vt 0.195068 0.697021
vt 0.199463 0.691162
vt 0.213867 0.699463
vt 0.193115 0.710449
vt 0.207275 0.711182
vt 0.210205 0.705078
vt 0.223633 0.713623
vt 0.221191 0.720215
vt 0.232422 0.728027
vt 0.219971 0.725830
vt 0.231445 0.734863
vt 0.240234 0.742676
vt 0.229492 0.740723
vt 0.206299 0.723389
vt 0.218994 0.736572
vt 0.239258 0.759521
vt 0.240723 0.752930
vt 0.230713 0.750732
vt 0.186279 0.724609
vt 0.205322 0.738037
vt 0.209229 0.750244
vt 0.185547 0.733887
vt 0.162109 0.719727
vt 0.225098 0.765381
vt 0.210693 0.773926
vt 0.156494 0.726807
vt 0.227295 0.781250
vt 0.196289 0.752197
vt 0.176514 0.739014
vt 0.150391 0.737793
vt 0.170166 0.750977
vt 0.189941 0.763916
vt 0.198730 0.783691
vt 0.211914 0.790039
vt 0.186523 0.777100
vt 0.194824 0.795410
vt 0.174316 0.769775
vt 0.182129 0.788330
vt 0.161621 0.762695
vt 0.168701 0.780762
vt 0.148926 0.755371
vt 0.156006 0.773438
vt 0.164062 0.792725
vt 0.136475 0.747559
vt 0.141846 0.765869
vt 0.150635 0.785645
vt 0.136963 0.777344
vt 0.129639 0.758057
vt 0.124512 0.738525
vt 0.123535 0.769531
vt 0.117188 0.750000
vt 0.123047 0.720947
vt 0.104248 0.740479
vt 0.110352 0.760986
vt 0.097656 0.751709
vt 0.109863 0.708740
vt 0.101562 0.717285
vt 0.084473 0.742432
vt 0.057373 0.742188
vt 0.078125 0.756592
vt 0.091309 0.765869
vt 0.070801 0.770996
vt 0.043457 0.756592
vt 0.103760 0.774414
vt 0.084473 0.781494
vt 0.035889 0.776611
vt 0.052002 0.774902
vt 0.063965 0.788330
vt 0.046143 0.793457
vt 0.028809 0.801514
vt 0.013428 0.809082
vt 0.023193 0.828369
vt 0.007568 0.846436
vt 0.038330 0.815674
vt 0.056885 0.805908
vt 0.031494 0.839111
vt 0.016602 0.855713
vt 0.001465 0.877197
vt 0.009033 0.882324
vt 0.024170 0.862793
vt 0.049316 0.827148
vt 0.041260 0.848877
vt 0.061523 0.836914
vt 0.069580 0.816650
vt 0.082031 0.825439
vt 0.076904 0.798340
vt 0.090088 0.806885
vt 0.097656 0.790039
vt 0.104004 0.815918
vt 0.117676 0.782959
vt 0.110840 0.798584
vt 0.131592 0.790283
vt 0.096436 0.834229
vt 0.145508 0.798828
vt 0.124756 0.806152
vt 0.118164 0.823486
vt 0.139648 0.813477
vt 0.159424 0.806152
vt 0.178223 0.800293
vt 0.173340 0.812988
vt 0.191406 0.807129
vt 0.154297 0.820801
vt 0.187500 0.820557
vt 0.208496 0.801758
vt 0.131836 0.831787
vt 0.168213 0.828369
vt 0.147461 0.838135
vt 0.125488 0.849854
vt 0.110596 0.841797
vt 0.102539 0.861816
vt 0.087646 0.854004
vt 0.074707 0.845459
vt 0.065186 0.866699
vt 0.052734 0.857910
vt 0.140137 0.857178
vt 0.162109 0.845459
vt 0.154297 0.863037
vt 0.182373 0.835205
vt 0.176514 0.851318
vt 0.169922 0.869385
vt 0.191406 0.857178
vt 0.185059 0.874268
vt 0.199951 0.878662
vt 0.196777 0.841797
vt 0.205322 0.862549
vt 0.214111 0.882324
vt 0.210693 0.846924
vt 0.201416 0.827393
vt 0.214355 0.833740
vt 0.224121 0.852539
vt 0.219238 0.867676
vt 0.235596 0.857178
vt 0.227295 0.839355
vt 0.239014 0.843018
vt 0.251465 0.845947
vt 0.204834 0.814209
vt 0.217773 0.820557
vt 0.221191 0.808838
vt 0.225342 0.796143
vt 0.230713 0.826172
vt 0.234375 0.813721
vt 0.237793 0.800537
vt 0.240479 0.784424
vt 0.242676 0.830566
vt 0.246338 0.818115
vt 0.254395 0.833740
vt 0.260010 0.815918
vt 0.249268 0.805176
vt 0.253174 0.790283
vt 0.258789 0.802002
vt 0.264160 0.811035
vt 0.254639 0.787598
vt 0.265869 0.823242
vt 0.248291 0.770752
vt 0.262207 0.828857
vt 0.265869 0.835449
vt 0.261963 0.842041
vt 0.246582 0.775146
vt 0.256348 0.395020
vt 0.276611 0.408447
vt 0.258545 0.403076
vt 0.277832 0.414307
vt 0.291260 0.418701
vt 0.291260 0.423828
vt 0.283203 0.426758
vt 0.303955 0.430908
vt 0.296875 0.433105
vt 0.291992 0.444092
vt 0.303955 0.447754
vt 0.312500 0.443115
vt 0.318359 0.430420
vt 0.324951 0.441406
vt 0.333252 0.438721
vt 0.332275 0.453125
vt 0.318359 0.454346
vt 0.312012 0.461914
vt 0.325439 0.466309
vt 0.318359 0.477783
vt 0.331543 0.479980
vt 0.326660 0.491455
vt 0.350342 0.485840
vt 0.341309 0.466309
vt 0.340332 0.450928
vt 0.342285 0.502197
vt 0.341064 0.510010
vt 0.356201 0.527100
vt 0.340576 0.437012
vt 0.327393 0.427979
vt 0.335693 0.425049
vt 0.349121 0.501709
vt 0.363281 0.521973
vt 0.378174 0.545410
vt 0.371094 0.517578
vt 0.385498 0.537842
vt 0.399658 0.558105
vt 0.407471 0.547852
vt 0.392822 0.529297
vt 0.379150 0.510254
vt 0.359375 0.482910
vt 0.401855 0.519775
vt 0.416992 0.537354
vt 0.387207 0.501709
vt 0.348877 0.463379
vt 0.347900 0.447998
vt 0.365479 0.471436
vt 0.357422 0.459717
vt 0.374512 0.484619
vt 0.368164 0.455322
vt 0.376953 0.466797
vt 0.386963 0.479492
vt 0.380615 0.450684
vt 0.357910 0.444092
vt 0.350098 0.432617
vt 0.370850 0.440186
vt 0.363037 0.428955
vt 0.344238 0.421875
vt 0.340088 0.410400
vt 0.332031 0.413086
vt 0.351562 0.407227
vt 0.356445 0.418457
vt 0.393311 0.402100
vt 0.389648 0.414062
vt 0.386963 0.425781
vt 0.395996 0.433594
vt 0.395508 0.445801
vt 0.409912 0.428955
vt 0.390381 0.461914
vt 0.404541 0.456055
vt 0.400635 0.472900
vt 0.411133 0.440674
vt 0.399658 0.494141
vt 0.412598 0.510010
vt 0.427734 0.527100
vt 0.425537 0.434326
vt 0.422607 0.418945
vt 0.440186 0.427246
vt 0.439453 0.516357
vt 0.453857 0.533203
vt 0.418945 0.449463
vt 0.434326 0.442871
vt 0.466309 0.522217
vt 0.415039 0.467041
vt 0.428955 0.459961
vt 0.412598 0.487549
vt 0.426758 0.479248
vt 0.425293 0.501465
vt 0.438721 0.493164
vt 0.440186 0.471191
vt 0.443848 0.451904
vt 0.452393 0.507324
vt 0.452393 0.484131
vt 0.454346 0.463135
vt 0.449219 0.435059
vt 0.458740 0.443848
vt 0.465332 0.497559
vt 0.466309 0.474609
vt 0.469238 0.454834
vt 0.479004 0.511719
vt 0.492188 0.527100
vt 0.504150 0.515869
vt 0.478516 0.487793
vt 0.491943 0.501953
vt 0.515869 0.505615
vt 0.480469 0.465576
vt 0.492188 0.478271
vt 0.504395 0.491455
vt 0.482910 0.445801
vt 0.494141 0.457275
vt 0.473145 0.435547
vt 0.506104 0.468750
vt 0.516846 0.481689
vt 0.528564 0.494629
vt 0.530762 0.471924
vt 0.519043 0.459473
vt 0.508789 0.447754
vt 0.498047 0.437256
vt 0.532715 0.450928
vt 0.522217 0.439697
vt 0.543701 0.462891
vt 0.511719 0.428711
vt 0.534912 0.432129
vt 0.487305 0.427002
vt 0.501221 0.418457
vt 0.525635 0.419434
vt 0.510986 0.410156
vt 0.490234 0.409424
vt 0.477783 0.418457
vt 0.497559 0.402344
vt 0.512451 0.407471
vt 0.527588 0.415039
vt 0.478516 0.400879
vt 0.484375 0.395752
vt 0.542969 0.422607
vt 0.545166 0.420166
vt 0.557373 0.429932
vt 0.468018 0.410889
vt 0.453613 0.395020
vt 0.463623 0.426758
vt 0.454834 0.420410
vt 0.440674 0.400879
vt 0.427246 0.403320
vt 0.555908 0.435791
vt 0.545410 0.443359
vt 0.555664 0.455078
vt 0.553711 0.476074
vt 0.541016 0.484619
vt 0.565674 0.467773
vt 0.565918 0.447998
vt 0.563232 0.489014
vt 0.575195 0.480225
vt 0.575439 0.459961
vt 0.585449 0.472656
vt 0.572754 0.439941
vt 0.560303 0.427734
vt 0.584229 0.453125
vt 0.586182 0.446289
vt 0.593994 0.464600
vt 0.599121 0.457275
vt 0.015137 0.180908
vt 0.004639 0.157715
vt 0.015137 0.146973
vt 0.132080 0.036377
vt 0.126953 0.052734
vt 0.127686 0.032227
vt 0.131104 0.019287
vt 0.126953 0.016602
vt 0.127930 0.002686
vt 0.109131 0.206787
vt 0.122559 0.194336
vt 0.122559 0.229980
vt 0.112061 0.233887
vt 0.279053 0.072021
vt 0.279053 0.086670
vt 0.268555 0.080566
vt 0.165039 0.047852
vt 0.173340 0.047852
vt 0.167725 0.077393
vt 0.185791 0.072510
vt 0.196045 0.096436
vt 0.185791 0.103760
vt 0.204834 0.604492
vt 0.214355 0.580322
vt 0.220947 0.580078
vt 0.222900 0.595703
vt 0.199219 0.618164
vt 0.242188 0.561523
vt 0.234375 0.558105
vt 0.255615 0.539795
vt 0.263184 0.547607
vt 0.250244 0.568115
vt 0.232178 0.597656
vt 0.215088 0.616211
vt 0.207031 0.630615
vt 0.192871 0.630859
vt 0.188232 0.642822
vt 0.201172 0.642822
vt 0.196045 0.654541
vt 0.181396 0.655762
vt 0.185547 0.667236
vt 0.196045 0.668457
vt 0.210205 0.644531
vt 0.206055 0.656006
vt 0.205566 0.669189
vt 0.215088 0.657715
vt 0.218018 0.645508
vt 0.215820 0.631836
vt 0.223389 0.618408
vt 0.223877 0.633789
vt 0.228027 0.648682
vt 0.224121 0.659912
vt 0.222168 0.671875
vt 0.213623 0.670166
vt 0.233887 0.673584
vt 0.236816 0.661865
vt 0.276855 0.674072
vt 0.241455 0.650879
vt 0.270752 0.662598
vt 0.266113 0.651367
vt 0.234375 0.636475
vt 0.247803 0.638672
vt 0.273438 0.642578
vt 0.232178 0.621094
vt 0.243408 0.624023
vt 0.239014 0.608398
vt 0.256104 0.627197
vt 0.250977 0.611816
vt 0.247070 0.594238
vt 0.258789 0.575684
vt 0.259766 0.597900
vt 0.264648 0.615234
vt 0.271484 0.630615
vt 0.288086 0.645508
vt 0.272705 0.555908
vt 0.271484 0.581787
vt 0.287109 0.536621
vt 0.277344 0.527344
vt 0.301514 0.517578
vt 0.312988 0.527100
vt 0.325439 0.509033
vt 0.338135 0.519531
vt 0.298096 0.545654
vt 0.283936 0.564453
vt 0.310547 0.554932
vt 0.324463 0.536621
vt 0.284912 0.586914
vt 0.337646 0.546143
vt 0.297119 0.571533
vt 0.274170 0.602783
vt 0.279541 0.619385
vt 0.289062 0.606934
vt 0.299805 0.593506
vt 0.287842 0.633789
vt 0.294678 0.624023
vt 0.302979 0.638428
vt 0.302246 0.654053
vt 0.318604 0.643799
vt 0.303711 0.612549
vt 0.310791 0.629150
vt 0.313965 0.599854
vt 0.319580 0.618896
vt 0.326660 0.634766
vt 0.334229 0.648926
vt 0.310059 0.668945
vt 0.311035 0.578369
vt 0.323975 0.562500
vt 0.325439 0.585693
vt 0.329102 0.606445
vt 0.337891 0.570801
vt 0.340332 0.593750
vt 0.335449 0.625244
vt 0.344727 0.612793
vt 0.342285 0.641602
vt 0.350830 0.631836
vt 0.355713 0.600830
vt 0.348877 0.656738
vt 0.324219 0.669922
vt 0.357666 0.648193
vt 0.359863 0.620361
vt 0.366455 0.638428
vt 0.360840 0.665527
vt 0.337891 0.674072
vt 0.371582 0.655518
vt 0.380127 0.661865
vt 0.367920 0.669922
vt 0.392822 0.652588
vt 0.394531 0.655029
vt 0.381348 0.645508
vt 0.408936 0.645752
vt 0.375977 0.627197
vt 0.391113 0.634033
vt 0.406494 0.641602
vt 0.424072 0.636475
vt 0.426758 0.638672
vt 0.370117 0.607666
vt 0.385742 0.615479
vt 0.400635 0.621826
vt 0.414551 0.627930
vt 0.395508 0.602539
vt 0.381348 0.594971
vt 0.409912 0.609375
vt 0.391602 0.580811
vt 0.366699 0.586914
vt 0.378174 0.572266
vt 0.402832 0.566406
vt 0.406494 0.588623
vt 0.389160 0.556885
vt 0.416504 0.574707
vt 0.364746 0.563232
vt 0.376465 0.548096
vt 0.420410 0.596436
vt 0.429932 0.582031
vt 0.351807 0.579102
vt 0.351074 0.555176
vt 0.363770 0.538330
vt 0.433594 0.602783
vt 0.442871 0.588867
vt 0.423828 0.615479
vt 0.435791 0.621826
vt 0.445068 0.608643
vt 0.437988 0.627441
vt 0.441650 0.629395
vt 0.453125 0.615723
vt 0.454834 0.618896
vt 0.453857 0.595459
vt 0.451904 0.575195
vt 0.439209 0.567871
vt 0.463623 0.601074
vt 0.466797 0.607666
vt 0.479248 0.595215
vt 0.463135 0.581543
vt 0.470459 0.569092
vt 0.472900 0.588623
vt 0.489014 0.583252
vt 0.479980 0.576416
vt 0.487549 0.564453
vt 0.497803 0.565430
vt 0.043457 0.158447
vt 0.038086 0.134277
vt 0.043457 0.131592
vt 0.350586 0.258301
vt 0.338623 0.256592
vt 0.350586 0.236084
vt 0.336426 0.232422
vt 0.236328 0.272217
vt 0.248779 0.271484
vt 0.245605 0.296143
vt 0.236328 0.297852
vt 0.225586 0.282715
vt 0.213135 0.276367
vt 0.226318 0.257568
vt 0.213135 0.249512
vt 0.096191 0.273926
vt 0.083984 0.275146
vt 0.083984 0.253174
vt 0.269531 0.069824
vt 0.262451 0.083008
vt 0.259033 0.069824
vt 0.128174 0.208008
vt 0.129150 0.194824
vt 0.138184 0.207764
vt 0.138916 0.194580
vt 0.138184 0.229980
vt 0.129883 0.181396
vt 0.127197 0.230225
vt 0.139893 0.182373
vt 0.128174 0.251221
vt 0.130615 0.168213
vt 0.141357 0.169922
vt 0.132080 0.154785
vt 0.138184 0.251221
vt 0.129150 0.264404
vt 0.138916 0.264160
vt 0.129883 0.277344
vt 0.139893 0.276123
vt 0.130615 0.290283
vt 0.141357 0.288086
vt 0.109375 0.271484
vt 0.098145 0.271484
vt 0.098145 0.257812
vt 0.037598 0.285889
vt 0.037598 0.299805
vt 0.026611 0.298828
vt 0.270752 0.116943
vt 0.268555 0.116943
vt 0.273193 0.090332
vt 0.275146 0.090332
vt 0.267334 0.145264
vt 0.269531 0.145508
vt 0.270020 0.171387
vt 0.271973 0.171631
vt 0.275146 0.194092
vt 0.266602 0.171143
vt 0.265137 0.145264
vt 0.266357 0.116699
vt 0.260986 0.170898
vt 0.258301 0.144775
vt 0.259521 0.116455
vt 0.251709 0.170654
vt 0.249268 0.144531
vt 0.242676 0.170410
vt 0.250488 0.116211
vt 0.240234 0.144043
vt 0.241455 0.115723
vt 0.235596 0.144043
vt 0.236816 0.115479
vt 0.690430 0.811523
vt 0.690430 0.783936
vt 0.694092 0.811035
vt 0.696289 0.839355
vt 0.694092 0.783691
vt 0.696289 0.758057
vt 0.699707 0.838867
vt 0.707520 0.863525
vt 0.730225 0.807373
vt 0.699951 0.757568
vt 0.705566 0.735840
vt 0.730469 0.782959
vt 0.740234 0.806152
vt 0.740723 0.783936
vt 0.735840 0.832031
vt 0.745361 0.829102
vt 0.710938 0.863281
vt 0.720947 0.883545
vt 0.737061 0.761963
vt 0.748047 0.764893
vt 0.724365 0.882080
vt 0.738525 0.898926
vt 0.746338 0.851318
vt 0.756592 0.846191
vt 0.759521 0.866211
vt 0.770752 0.857910
vt 0.741699 0.896484
vt 0.758301 0.910156
vt 0.773438 0.876953
vt 0.786133 0.866455
vt 0.760254 0.907715
vt 0.777588 0.917236
vt 0.787109 0.882568
vt 0.801514 0.869873
vt 0.779541 0.914795
vt 0.798828 0.919922
vt 0.806152 0.914062
vt 0.818848 0.919922
vt 0.841797 0.910400
vt 0.839600 0.917725
vt 0.858154 0.909668
vt 0.848877 0.854736
vt 0.836426 0.866211
vt 0.875488 0.897705
vt 0.877197 0.899658
vt 0.895996 0.881348
vt 0.895020 0.878418
vt 0.861328 0.837158
vt 0.906006 0.860107
vt 0.909180 0.861816
vt 0.914795 0.839844
vt 0.869141 0.816162
vt 0.919678 0.818848
vt 0.919922 0.787354
vt 0.869629 0.792725
vt 0.913330 0.757568
vt 0.864502 0.770996
vt 0.904053 0.738281
vt 0.891357 0.720215
vt 0.894043 0.718018
vt 0.852295 0.751953
vt 0.877197 0.701416
vt 0.876953 0.704590
vt 0.836426 0.737305
vt 0.853760 0.689697
vt 0.854980 0.687500
vt 0.834229 0.681641
vt 0.818115 0.686279
vt 0.822021 0.728516
vt 0.814453 0.677490
vt 0.793701 0.679688
vt 0.782471 0.688965
vt 0.774170 0.683838
vt 0.756348 0.692871
vt 0.753906 0.691162
vt 0.770264 0.722900
vt 0.787109 0.732178
vt 0.772705 0.738770
vt 0.738770 0.703857
vt 0.736572 0.701904
vt 0.758301 0.731201
vt 0.759521 0.750488
vt 0.723145 0.718750
vt 0.719238 0.717041
vt 0.746582 0.744629
vt 0.709229 0.736328
vt 0.218506 0.348633
vt 0.218506 0.326172
vt 0.225830 0.348145
vt 0.222168 0.369629
vt 0.229492 0.369141
vt 0.248779 0.368896
vt 0.245117 0.347168
vt 0.245117 0.323730
vt 0.225830 0.325928
vt 0.219238 0.314941
vt 0.226562 0.315430
vt 0.248779 0.304688
vt 0.169189 0.214844
vt 0.169189 0.174316
vt 0.179199 0.182861
vt 0.092285 0.226318
vt 0.082520 0.194336
vt 0.092285 0.185791
vt 0.115723 0.915039
vt 0.115723 0.906982
vt 0.138916 0.907471
vt 0.138916 0.896729
vt 0.115723 0.896240
vt 0.139160 0.915527
vt 0.115723 0.917725
vt 0.138916 0.918213
vt 0.138916 0.885986
vt 0.115723 0.885498
vt 0.139160 0.880371
vt 0.115967 0.879883
vt 0.164551 0.881104
vt 0.164307 0.886719
vt 0.188965 0.882080
vt 0.164307 0.897461
vt 0.188965 0.887695
vt 0.212646 0.883789
vt 0.163818 0.908936
vt 0.188965 0.898438
vt 0.213135 0.889404
vt 0.234375 0.884766
vt 0.242676 0.900635
vt 0.244141 0.877197
vt 0.234131 0.890381
vt 0.212891 0.899414
vt 0.188477 0.909912
vt 0.233643 0.900391
vt 0.252686 0.891602
vt 0.252686 0.902344
vt 0.212402 0.910889
vt 0.233643 0.911133
vt 0.252686 0.913086
vt 0.163574 0.916016
vt 0.163818 0.919678
vt 0.139404 0.920410
vt 0.187988 0.916992
vt 0.188477 0.920654
vt 0.212158 0.917969
vt 0.188232 0.922119
vt 0.164551 0.921143
vt 0.212402 0.921631
vt 0.211426 0.923096
vt 0.233887 0.919189
vt 0.233643 0.921875
vt 0.252441 0.920166
vt 0.252686 0.923828
vt 0.105469 0.025879
vt 0.102783 0.047119
vt 0.103516 0.026123
vt 0.102783 0.001221
vt 0.707520 0.041504
vt 0.686279 0.041504
vt 0.686279 0.040039
vt 0.663330 0.040039
vt 0.663818 0.041260
vt 0.663818 0.036377
vt 0.687012 0.036377
vt 0.708740 0.040039
vt 0.709473 0.036377
vt 0.641113 0.036133
vt 0.641113 0.039062
vt 0.663818 0.029297
vt 0.687012 0.029297
vt 0.709473 0.029297
vt 0.620605 0.035889
vt 0.619873 0.039551
vt 0.600098 0.036377
vt 0.641846 0.028320
vt 0.620605 0.028809
vt 0.600586 0.028564
vt 0.582275 0.028809
vt 0.581543 0.036621
vt 0.565430 0.029053
vt 0.564941 0.036865
vt 0.583008 0.018066
vt 0.601807 0.017822
vt 0.584229 0.007324
vt 0.621338 0.018066
vt 0.602539 0.007080
vt 0.584717 0.001709
vt 0.603271 0.001221
vt 0.622070 0.007324
vt 0.622803 0.001709
vt 0.642578 0.017578
vt 0.642578 0.007568
vt 0.642578 0.001953
vt 0.664062 0.017822
vt 0.664062 0.007812
vt 0.664795 0.002197
vt 0.687256 0.017822
vt 0.709717 0.017822
vt 0.687988 0.007324
vt 0.687988 0.001465
vt 0.710449 0.007324
vt 0.710449 0.001465
vt 0.731445 0.007080
vt 0.731445 0.001221
vt 0.913330 0.098389
vt 0.910156 0.086670
vt 0.922363 0.107910
vt 0.915283 0.109375
vt 0.921387 0.095703
vt 0.945068 0.095947
vt 0.907227 0.073730
vt 0.945801 0.077881
vt 0.920410 0.083496
vt 0.906494 0.059082
vt 0.919434 0.072266
vt 0.946289 0.060547
vt 0.905518 0.042725
vt 0.919922 0.059570
vt 0.946289 0.045166
vt 0.919189 0.044678
vt 0.150879 0.047119
vt 0.147705 0.036133
vt 0.150879 0.021973
vt 0.628174 0.043945
vt 0.652344 0.054443
vt 0.639160 0.054199
vt 0.641846 0.077637
vt 0.663086 0.054688
vt 0.661865 0.076172
vt 0.652588 0.047363
vt 0.640625 0.046387
vt 0.663574 0.046875
vt 0.623535 0.079346
vt 0.626709 0.053955
vt 0.615723 0.041504
vt 0.602295 0.041016
vt 0.615723 0.053467
vt 0.586426 0.041016
vt 0.606934 0.080811
vt 0.604004 0.054443
vt 0.593750 0.081055
vt 0.591064 0.054199
vt 0.063232 0.059814
vt 0.067871 0.045410
vt 0.067871 0.071533
vt 0.239746 0.031982
vt 0.239746 0.001953
vt 0.252686 0.014404
vt 0.178467 0.196045
vt 0.182861 0.184082
vt 0.182861 0.206543
vt 0.178223 0.207275
vt 0.012207 0.263184
vt 0.000977 0.263916
vt 0.008057 0.252441
vt 0.000977 0.252441
vt 0.015137 0.240479
vt 0.000977 0.240479
vt 0.147217 0.353760
vt 0.151123 0.343018
vt 0.160156 0.354492
vt 0.160156 0.343018
vt 0.144043 0.330811
vt 0.160156 0.330811
vt 0.145264 0.201904
vt 0.145264 0.213135
vt 0.139648 0.211914
vt 0.187744 0.066162
vt 0.192383 0.053223
vt 0.192383 0.077393
vt 0.150391 0.267578
vt 0.148682 0.267822
vt 0.157715 0.249023
vt 0.155273 0.248535
vt 0.161133 0.229248
vt 0.159424 0.229492
vt 0.163086 0.209229
vt 0.166016 0.208984
vt 0.165283 0.188232
vt 0.160645 0.208496
vt 0.162842 0.188232
vt 0.162842 0.167480
vt 0.160645 0.188477
vt 0.160645 0.167725
vt 0.158691 0.167725
vt 0.155762 0.147949
vt 0.158691 0.147949
vt 0.153564 0.148926
vt 0.148682 0.129395
vt 0.142334 0.165039
vt 0.134033 0.141113
vt 0.146240 0.162598
vt 0.156494 0.181152
vt 0.152832 0.184814
vt 0.137939 0.139648
vt 0.129150 0.114258
vt 0.133301 0.113770
vt 0.131836 0.086426
vt 0.127930 0.085938
vt 0.134521 0.061279
vt 0.130371 0.059814
vt 0.140381 0.039795
vt 0.135986 0.037354
vt 0.148193 0.020996
vt 0.143799 0.018555
vt 0.156494 0.006348
vt 0.152832 0.002686
vt 0.470947 0.855469
vt 0.477295 0.830566
vt 0.511963 0.855713
vt 0.470703 0.882812
vt 0.520508 0.832520
vt 0.488037 0.809082
vt 0.502197 0.790527
vt 0.529785 0.848877
vt 0.534668 0.814941
vt 0.517334 0.776123
vt 0.523926 0.877930
vt 0.544434 0.829346
vt 0.511230 0.879150
vt 0.516113 0.900879
vt 0.476074 0.908691
vt 0.535156 0.904297
vt 0.486816 0.932129
vt 0.552246 0.804199
vt 0.534912 0.766113
vt 0.553711 0.759521
vt 0.564941 0.818115
vt 0.573486 0.755615
vt 0.571777 0.799316
vt 0.590332 0.813721
vt 0.593506 0.754639
vt 0.612305 0.758057
vt 0.631836 0.765137
vt 0.615723 0.822510
vt 0.649902 0.775635
vt 0.667236 0.790283
vt 0.632812 0.836182
vt 0.681152 0.809326
vt 0.691650 0.830566
vt 0.697510 0.861572
vt 0.644287 0.866699
vt 0.638428 0.897461
vt 0.697510 0.892090
vt 0.691162 0.915039
vt 0.680908 0.936279
vt 0.624268 0.914062
vt 0.666748 0.953857
vt 0.650879 0.967529
vt 0.601074 0.927490
vt 0.633301 0.978271
vt 0.615234 0.985107
vt 0.595459 0.987793
vt 0.585693 0.945068
vt 0.575439 0.927979
vt 0.565430 0.944092
vt 0.575195 0.987793
vt 0.555664 0.984619
vt 0.553223 0.920898
vt 0.536377 0.978271
vt 0.546143 0.936768
vt 0.518799 0.966553
vt 0.528809 0.922119
vt 0.501465 0.950928
vt 0.498779 0.954346
vt 0.218506 0.020508
vt 0.210205 0.000732
vt 0.211914 0.000977
vt 0.216064 0.020996
vt 0.221680 0.040771
vt 0.219727 0.040527
vt 0.223145 0.061279
vt 0.220703 0.061768
vt 0.226074 0.061279
vt 0.224609 0.040039
vt 0.232910 0.060547
vt 0.230713 0.039795
vt 0.232178 0.081299
vt 0.241211 0.080322
vt 0.225586 0.082031
vt 0.229980 0.101562
vt 0.223145 0.102539
vt 0.223145 0.082275
vt 0.220703 0.082031
vt 0.220703 0.102539
vt 0.218994 0.102539
vt 0.216553 0.121582
vt 0.219482 0.121582
vt 0.214111 0.120850
vt 0.210205 0.139404
vt 0.033203 0.146973
vt 0.032471 0.127930
vt 0.037598 0.128174
vt 0.034668 0.109863
vt 0.039551 0.109619
vt 0.032471 0.091064
vt 0.530762 0.765381
vt 0.519287 0.764893
vt 0.518555 0.760010
vt 0.516846 0.717773
vt 0.552490 0.717773
vt 0.551025 0.751709
vt 0.542236 0.760498
vt 0.676270 0.788086
vt 0.666504 0.782227
vt 0.658691 0.771729
vt 0.656494 0.731445
vt 0.686279 0.732178
vt 0.686279 0.781738
vt 0.685791 0.787354
vt 0.251221 0.093994
vt 0.263916 0.083740
vt 0.250000 0.110107
vt 0.263916 0.111328
vt 0.065918 0.224609
vt 0.075439 0.235840
vt 0.065918 0.247070
vt 0.733398 0.938965
vt 0.692871 0.938965
vt 0.693848 0.916748
vt 0.708984 0.896973
vt 0.697510 0.903564
vt 0.730713 0.895508
vt 0.788086 0.773926
vt 0.788086 0.818115
vt 0.766113 0.816406
vt 0.750000 0.796631
vt 0.754395 0.810059
vt 0.747803 0.772461
vt 0.180908 0.045166
vt 0.172363 0.041992
vt 0.179932 0.022949
vt 0.171387 0.019775
vt 0.180908 0.001465
vt 0.163818 0.038818
vt 0.265869 0.192383
vt 0.255127 0.176758
vt 0.265869 0.175293
vt 0.210205 0.073975
vt 0.216797 0.073975
vt 0.211914 0.090576
vt 0.316650 0.126221
vt 0.302734 0.102051
vt 0.316650 0.101074
vt 0.303955 0.116211
vt 0.120605 0.069336
vt 0.116455 0.094238
vt 0.116455 0.051514
vt 0.256348 0.072998
vt 0.243896 0.084717
vt 0.243896 0.058350
vt 0.020752 0.139404
vt 0.016357 0.112549
vt 0.020752 0.094971
vt 0.899658 0.265869
vt 0.903076 0.221436
vt 0.935059 0.221436
vt 0.935059 0.265869
vt 0.075439 0.231934
vt 0.072510 0.213135
vt 0.075439 0.212891
vt 0.035645 0.282715
vt 0.044678 0.264893
vt 0.052734 0.282715
vt 0.131348 0.309082
vt 0.136230 0.292236
vt 0.145264 0.309082
vt 0.177246 0.170898
vt 0.172852 0.173340
vt 0.168945 0.155273
vt 0.164551 0.157715
vt 0.157715 0.139893
vt 0.161621 0.138184
vt 0.152100 0.120605
vt 0.156738 0.119385
vt 0.153564 0.099854
vt 0.148926 0.101074
vt 0.153320 0.080566
vt 0.146973 0.120850
vt 0.143311 0.100586
vt 0.137939 0.120605
vt 0.148438 0.080322
vt 0.155273 0.060303
vt 0.149658 0.059326
vt 0.159668 0.040527
vt 0.155029 0.038574
vt 0.162109 0.019043
vt 0.166504 0.020996
vt 0.171875 0.001221
vt 0.177246 0.003662
vt 0.261963 0.267822
vt 0.261963 0.294189
vt 0.249512 0.282471
vt 0.324463 0.899902
vt 0.360107 0.942627
vt 0.324463 0.942383
vt 0.356689 0.900146
vt 0.643066 0.486084
vt 0.643066 0.469238
vt 0.677002 0.478027
vt 0.678711 0.491943
vt 0.672607 0.464355
vt 0.644043 0.447998
vt 0.670410 0.450195
vt 0.667725 0.435791
vt 0.645264 0.427490
vt 0.189209 0.055908
vt 0.182861 0.074219
vt 0.178711 0.072998
vt 0.184570 0.053711
vt 0.192383 0.039551
vt 0.179443 0.053223
vt 0.173584 0.072266
vt 0.174072 0.093018
vt 0.178711 0.093750
vt 0.176514 0.113770
vt 0.168945 0.092529
vt 0.171875 0.113037
vt 0.177002 0.132812
vt 0.166016 0.113037
vt 0.172119 0.133545
vt 0.159912 0.092285
vt 0.165039 0.072021
vt 0.156006 0.071777
vt 0.179932 0.152344
vt 0.174316 0.153564
vt 0.184814 0.170654
vt 0.180176 0.172852
vt 0.187744 0.190430
vt 0.192383 0.188232
vt 0.064209 0.261719
vt 0.065918 0.279053
vt 0.053467 0.279053
vt 0.192383 0.001221
vt 0.192383 0.033936
vt 0.182129 0.024170
vt 0.088623 0.224121
vt 0.078369 0.233887
vt 0.078369 0.201172
vt 0.165527 0.248779
vt 0.165527 0.219238
vt 0.175293 0.239502
vt 0.565674 0.557373
vt 0.570068 0.543701
vt 0.599609 0.548584
vt 0.599609 0.565430
vt 0.564209 0.571289
vt 0.598633 0.527100
vt 0.572266 0.529541
vt 0.575439 0.514893
vt 0.598145 0.506348
vt 0.092285 0.124512
vt 0.085449 0.096191
vt 0.090332 0.097168
vt 0.092285 0.079102
vt 0.162109 0.254395
vt 0.160156 0.277344
vt 0.146484 0.277588
vt 0.146973 0.295898
vt 0.159912 0.296387
vt 0.147705 0.310547
vt 0.161377 0.312744
vt 0.148926 0.324707
vt 0.162109 0.328125
vt 0.085693 0.231934
vt 0.108887 0.252441
vt 0.085449 0.246826
vt 0.063477 0.252441
vt 0.124512 0.260742
vt 0.121338 0.263916
vt 0.105713 0.256592
vt 0.085449 0.250732
vt 0.066406 0.256592
vt 0.051758 0.263916
vt 0.048828 0.260742
vt 0.254395 0.524170
vt 0.239014 0.498291
vt 0.252441 0.498047
vt 0.239746 0.479004
vt 0.252441 0.478271
vt 0.240723 0.465576
vt 0.254395 0.463623
vt 0.136475 0.118652
vt 0.138184 0.093018
vt 0.143311 0.092285
vt 0.136475 0.075928
vt 0.270996 0.509033
vt 0.276611 0.494629
vt 0.279297 0.508057
vt 0.285889 0.487305
vt 0.281006 0.480713
vt 0.267822 0.481689
vt 0.264404 0.496338
vt 0.281982 0.464355
vt 0.262451 0.481445
vt 0.259766 0.495361
vt 0.259521 0.508789
vt 0.254883 0.507812
vt 0.263184 0.464844
vt 0.288330 0.461914
vt 0.268066 0.464355
vt 0.260986 0.448975
vt 0.278564 0.445312
vt 0.282959 0.436768
vt 0.271973 0.430176
vt 0.274414 0.420166
vt 0.265137 0.448242
vt 0.259521 0.434814
vt 0.254883 0.436035
vt 0.160400 0.122803
vt 0.166016 0.116943
vt 0.166016 0.141357
vt 0.019287 0.386963
vt 0.012207 0.367676
vt 0.021729 0.374268
vt 0.027588 0.387695
vt 0.017090 0.361328
vt 0.016113 0.345459
vt 0.009521 0.342773
vt 0.029785 0.345947
vt 0.030273 0.363037
vt 0.019531 0.325928
vt 0.015381 0.316895
vt 0.026611 0.309814
vt 0.024170 0.298828
vt 0.038818 0.314941
vt 0.032959 0.329346
vt 0.043457 0.316406
vt 0.037109 0.330078
vt 0.034668 0.346436
vt 0.035400 0.362793
vt 0.033447 0.377197
vt 0.038086 0.376221
vt 0.038818 0.388428
vt 0.043457 0.387451
vt 0.107422 0.002686
vt 0.113037 0.007324
vt 0.107422 0.026367
vt 0.618896 0.544922
vt 0.608643 0.528076
vt 0.619385 0.527344
vt 0.629639 0.544189
vt 0.602295 0.527832
vt 0.602051 0.509033
vt 0.608398 0.509277
vt 0.602539 0.488281
vt 0.619141 0.508545
vt 0.630127 0.527344
vt 0.608887 0.488281
vt 0.601562 0.466309
vt 0.608154 0.462158
vt 0.601562 0.443848
vt 0.618896 0.488281
vt 0.629883 0.508545
vt 0.637939 0.526855
vt 0.608154 0.438477
vt 0.601807 0.421143
vt 0.637695 0.508057
vt 0.640625 0.526855
vt 0.630371 0.487061
vt 0.618652 0.461426
vt 0.618652 0.437988
vt 0.608154 0.416992
vt 0.601807 0.400635
vt 0.609131 0.397705
vt 0.619873 0.396973
vt 0.618896 0.416260
vt 0.631104 0.396973
vt 0.630371 0.416260
vt 0.638428 0.396973
vt 0.629395 0.437256
vt 0.638184 0.415771
vt 0.629395 0.460938
vt 0.636719 0.437256
vt 0.641113 0.415771
vt 0.640869 0.437256
vt 0.637207 0.460205
vt 0.640137 0.460205
vt 0.641113 0.486572
vt 0.637451 0.487061
vt 0.640381 0.507324
vt 0.993408 0.999268
vt 0.983398 0.989258
vt 0.995361 0.973389
vt 0.988281 0.968994
vt 0.970215 0.981201
vt 0.978271 0.968506
vt 0.989258 0.954834
vt 0.956055 0.977539
vt 0.978271 0.950439
vt 0.987305 0.939209
vt 0.958984 0.965576
vt 0.939697 0.976318
vt 0.977295 0.934082
vt 0.986328 0.922852
vt 0.958984 0.948486
vt 0.939697 0.962646
vt 0.919678 0.965576
vt 0.922607 0.977539
vt 0.975342 0.918457
vt 0.980469 0.905029
vt 0.958008 0.930664
vt 0.939941 0.945557
vt 0.919678 0.948486
vt 0.939941 0.928467
vt 0.920654 0.930664
vt 0.957031 0.914307
vt 0.972412 0.902832
vt 0.977539 0.888672
vt 0.981445 0.890869
vt 0.970459 0.887939
vt 0.975586 0.873779
vt 0.969482 0.873047
vt 0.954102 0.883789
vt 0.955078 0.898682
vt 0.939941 0.896484
vt 0.940186 0.881592
vt 0.939941 0.912109
vt 0.924805 0.883789
vt 0.921631 0.914307
vt 0.923828 0.898682
vt 0.908691 0.887939
vt 0.909912 0.873047
vt 0.903809 0.873779
vt 0.901611 0.888672
vt 0.906738 0.902832
vt 0.898682 0.905029
vt 0.903564 0.918457
vt 0.892578 0.922852
vt 0.901367 0.934082
vt 0.891357 0.939209
vt 0.900391 0.950439
vt 0.889404 0.954834
vt 0.900391 0.968506
vt 0.890381 0.968994
vt 0.908447 0.981201
vt 0.895508 0.989258
vt 0.883301 0.973389
vt 0.885254 0.999268
vt 0.220215 0.145264
vt 0.229980 0.124756
vt 0.229980 0.154541
vt 0.218750 0.236572
vt 0.220215 0.215820
vt 0.226318 0.237549
vt 0.226318 0.214355
vt 0.637207 0.889648
vt 0.630127 0.891846
vt 0.633545 0.870850
vt 0.626221 0.869629
vt 0.631348 0.852295
vt 0.624756 0.849121
vt 0.562744 0.884277
vt 0.562500 0.899170
vt 0.560059 0.839600
vt 0.622314 0.834961
vt 0.554199 0.827148
vt 0.556396 0.876465
vt 0.554199 0.905029
vt 0.880127 0.250732
vt 0.862793 0.249512
vt 0.879150 0.243652
vt 0.860352 0.242920
vt 0.891113 0.179688
vt 0.899170 0.246338
vt 0.905029 0.178711
vt 0.850342 0.179199
vt 0.845215 0.240967
vt 0.838867 0.173828
vt 0.884521 0.173828
vt 0.805908 0.719482
vt 0.816650 0.719971
vt 0.806885 0.736572
vt 0.796143 0.736084
vt 0.789551 0.736084
vt 0.789795 0.754639
vt 0.796387 0.754395
vt 0.790771 0.775146
vt 0.807129 0.755127
vt 0.797119 0.775146
vt 0.817627 0.736328
vt 0.790039 0.797363
vt 0.817871 0.754883
vt 0.796631 0.801270
vt 0.825439 0.737061
vt 0.790039 0.819824
vt 0.807129 0.775146
vt 0.825684 0.755371
vt 0.828369 0.737061
vt 0.818604 0.776123
vt 0.807129 0.801758
vt 0.825684 0.776123
vt 0.828613 0.756104
vt 0.829346 0.776611
vt 0.817871 0.802490
vt 0.825928 0.802979
vt 0.828613 0.802979
vt 0.829346 0.826172
vt 0.824951 0.826172
vt 0.829102 0.847900
vt 0.817871 0.826172
vt 0.826172 0.847900
vt 0.829590 0.866699
vt 0.807129 0.825684
vt 0.818359 0.847412
vt 0.825928 0.867188
vt 0.818848 0.867188
vt 0.806885 0.847412
vt 0.807373 0.867188
vt 0.796387 0.824951
vt 0.789795 0.842529
vt 0.796143 0.846924
vt 0.789551 0.863525
vt 0.796631 0.866699
vt 0.122559 0.235596
vt 0.122559 0.256348
vt 0.113525 0.236572
vt 0.142090 0.241455
vt 0.150879 0.243408
vt 0.142090 0.261963
vt 0.086182 0.001709
vt 0.086670 0.009277
vt 0.073486 0.007324
vt 0.074219 0.016846
vt 0.059326 0.011230
vt 0.058838 0.019775
vt 0.086670 0.081055
vt 0.043213 0.012451
vt 0.042480 0.019775
vt 0.002930 0.233887
vt 0.010986 0.222656
vt 0.022705 0.225342
vt 0.008789 0.207275
vt 0.013428 0.199463
vt 0.002930 0.165039
vt 0.009033 0.652100
vt 0.001221 0.652344
vt 0.006104 0.639648
vt 0.015381 0.639404
vt 0.008545 0.625244
vt 0.016846 0.623535
vt 0.079102 0.643066
vt 0.008301 0.608887
vt 0.015381 0.607178
vt 0.072510 0.623535
vt 0.065918 0.593262
vt 0.013916 0.589844
vt 0.006104 0.593018
vt 0.001221 0.580811
vt 0.485840 0.663574
vt 0.467285 0.655273
vt 0.485596 0.649414
vt 0.468750 0.632812
vt 0.486328 0.633301
vt 0.485596 0.615967
vt 0.467285 0.609863
vt 0.485840 0.602051
vt 0.908691 0.001709
vt 0.906494 0.018066
vt 0.902588 0.006104
vt 0.901611 0.018799
vt 0.897461 0.005127
vt 0.904541 0.033936
vt 0.896484 0.017822
vt 0.880371 0.004639
vt 0.899414 0.031982
vt 0.898438 0.044922
vt 0.902588 0.048096
vt 0.894287 0.031250
vt 0.879150 0.017090
vt 0.867188 0.016113
vt 0.867188 0.003418
vt 0.853027 0.004883
vt 0.897461 0.057373
vt 0.901611 0.062256
vt 0.893311 0.043945
vt 0.879150 0.029297
vt 0.892334 0.056641
vt 0.896484 0.069824
vt 0.878174 0.042480
vt 0.866943 0.028564
vt 0.867188 0.041260
vt 0.854004 0.017334
vt 0.854004 0.029541
vt 0.836914 0.018311
vt 0.835938 0.005615
vt 0.838867 0.031738
vt 0.854980 0.042725
vt 0.831787 0.019287
vt 0.830811 0.006592
vt 0.833740 0.032715
vt 0.828857 0.034668
vt 0.826904 0.018799
vt 0.834717 0.045410
vt 0.830811 0.048828
vt 0.835938 0.058105
vt 0.839844 0.044434
vt 0.840820 0.057129
vt 0.836914 0.070312
vt 0.842041 0.069336
vt 0.838135 0.083008
vt 0.854980 0.055176
vt 0.867188 0.054199
vt 0.843018 0.082031
vt 0.878174 0.054932
vt 0.867188 0.066406
vt 0.855957 0.067627
vt 0.891357 0.068848
vt 0.877197 0.067383
vt 0.867188 0.079102
vt 0.856201 0.080322
vt 0.877441 0.080078
vt 0.890625 0.081543
vt 0.895508 0.082520
vt 0.899658 0.075684
vt 0.898682 0.089355
vt 0.894775 0.094971
vt 0.898926 0.110596
vt 0.867432 0.091797
vt 0.877441 0.092529
vt 0.889648 0.094238
vt 0.893799 0.109863
vt 0.856201 0.092773
vt 0.878662 0.108643
vt 0.867676 0.107910
vt 0.879883 0.125000
vt 0.867920 0.124268
vt 0.895264 0.126221
vt 0.855469 0.108887
vt 0.844238 0.094482
vt 0.839111 0.095703
vt 0.835205 0.090088
vt 0.835449 0.111328
vt 0.840332 0.110596
vt 0.854736 0.125244
vt 0.839600 0.126709
vt 0.834717 0.126709
vt 0.868164 0.140137
vt 0.854004 0.141113
vt 0.838867 0.142578
vt 0.833008 0.143311
vt 0.832275 0.157959
vt 0.828125 0.156738
vt 0.838379 0.158203
vt 0.854248 0.155518
vt 0.853760 0.170166
vt 0.868896 0.168457
vt 0.868408 0.154785
vt 0.881592 0.155273
vt 0.883057 0.169922
vt 0.881348 0.140869
vt 0.897949 0.157715
vt 0.896484 0.142090
vt 0.900146 0.125977
vt 0.908447 0.123535
vt 0.902588 0.142822
vt 0.908691 0.138916
vt 0.904053 0.157227
vt 0.907959 0.156006
vt 0.906250 0.171631
vt 0.003662 0.186279
vt 0.000977 0.188477
vt 0.000977 0.167725
vt 0.210205 0.037109
vt 0.213135 0.018555
vt 0.213135 0.039551
vt 0.094482 0.082275
vt 0.098145 0.083008
vt 0.094482 0.105469
vt 0.105225 0.209229
vt 0.105225 0.194092
vt 0.109375 0.196045
vt 0.209473 0.100830
vt 0.214844 0.089111
vt 0.214844 0.105469
vt 0.264648 0.277832
vt 0.264648 0.207031
vt 0.282715 0.216553
vt 0.278564 0.282715
vt 0.196045 0.102783
vt 0.196045 0.173340
vt 0.178223 0.112549
vt 0.721924 0.599609
vt 0.739746 0.610596
vt 0.722168 0.632568
vt 0.721924 0.673584
vt 0.769043 0.620605
vt 0.777344 0.639648
vt 0.750977 0.675049
vt 0.788086 0.673096
vt 0.545410 0.396729
vt 0.576904 0.396729
vt 0.573975 0.437500
vt 0.030273 0.200439
vt 0.020020 0.211182
vt 0.019775 0.190674
vt 0.030273 0.181396
vt 0.218506 0.301758
vt 0.208496 0.282959
vt 0.220459 0.282959
vt 0.023926 0.123291
vt 0.022461 0.092773
vt 0.025391 0.092773
vt 0.021973 0.071777
vt 0.018311 0.072754
vt 0.015137 0.051514
vt 0.024414 0.071777
vt 0.028564 0.092773
vt 0.026855 0.123047
vt 0.030273 0.123291
vt 0.028564 0.154541
vt 0.025391 0.154541
vt 0.024414 0.175781
vt 0.022461 0.154541
vt 0.021973 0.175781
vt 0.018311 0.174805
vt 0.015137 0.196045
vt 0.220459 0.209229
vt 0.213379 0.206299
vt 0.220459 0.192871
vt 0.297607 0.181152
vt 0.297607 0.119385
vt 0.324219 0.135010
vt 0.313232 0.187744
vt 0.307861 0.194092
vt 0.056152 0.243896
vt 0.064209 0.229736
vt 0.064209 0.245117
vt 0.519287 0.514648
vt 0.529297 0.518555
vt 0.524414 0.530762
vt 0.533447 0.549805
vt 0.510498 0.533691
vt 0.506348 0.518799
vt 0.506348 0.534668
vt 0.501953 0.520752
vt 0.508545 0.549805
vt 0.526367 0.549805
vt 0.512939 0.549805
vt 0.524414 0.568115
vt 0.529297 0.580322
vt 0.519287 0.584473
vt 0.510498 0.564941
vt 0.506348 0.563965
vt 0.506348 0.580322
vt 0.501953 0.578369
vt 0.254395 0.928711
vt 0.262939 0.901123
vt 0.272705 0.920898
vt 0.320557 0.900879
vt 0.279541 0.941162
vt 0.319824 0.937256
vt 0.320557 0.968994
vt 0.221924 0.310059
vt 0.226562 0.289551
vt 0.231689 0.292236
vt 0.226074 0.312988
vt 0.234863 0.269775
vt 0.229980 0.266846
vt 0.235596 0.236084
vt 0.229980 0.236572
vt 0.241699 0.266357
vt 0.227295 0.205322
vt 0.231934 0.202148
vt 0.221924 0.183594
vt 0.226807 0.180176
vt 0.239014 0.204834
vt 0.242432 0.235840
vt 0.252441 0.235596
vt 0.251221 0.266113
vt 0.248779 0.204590
vt 0.261963 0.235352
vt 0.261230 0.265869
vt 0.258545 0.204346
vt 0.228027 0.239990
vt 0.228027 0.252686
vt 0.219971 0.251221
vt 0.419189 0.953857
vt 0.404297 0.946777
vt 0.421875 0.948486
vt 0.425781 0.886230
vt 0.404297 0.887939
vt 0.437988 0.949951
vt 0.461914 0.884521
vt 0.450684 0.951172
vt 0.141602 0.179932
vt 0.147949 0.179932
vt 0.145752 0.194092
vt 0.153076 0.195068
vt 0.148438 0.208252
vt 0.156494 0.208252
vt 0.153076 0.222412
vt 0.145752 0.223389
vt 0.147949 0.237549
vt 0.141602 0.237549
vt 0.912354 0.701416
vt 0.909668 0.695801
vt 0.927490 0.694336
vt 0.905762 0.634033
vt 0.927490 0.635742
vt 0.893311 0.697266
vt 0.868408 0.632080
vt 0.879883 0.698242
vt 0.026367 0.389893
vt 0.026367 0.452393
vt 0.002441 0.424561
vt 0.810547 0.190430
vt 0.782227 0.189941
vt 0.756104 0.155273
vt 0.764160 0.137695
vt 0.793213 0.128906
vt 0.810547 0.151123
vt 0.810547 0.119385
vt 0.301514 0.224121
vt 0.335693 0.252686
vt 0.301514 0.258301
vt 0.218750 0.051514
vt 0.218750 0.075439
vt 0.212158 0.054688
vt 0.003662 0.228027
vt 0.001465 0.206543
vt 0.003662 0.205811
vt 0.254395 0.001465
vt 0.263916 0.019043
vt 0.254395 0.024414
vt 0.139404 0.003174
vt 0.133545 0.033936
vt 0.133545 0.001465
vt 0.145264 0.154541
vt 0.139160 0.124756
vt 0.145264 0.123047
vt 0.007568 0.075684
vt 0.000732 0.105469
vt 0.000732 0.075195
vt 0.006104 0.044189
s 1
usemtl tripo_mat_79d81fe0-b50d-48fe-b8f7-efa0299e60e9
f 1236/1 74/2 1234/3
s 0
f 1234/3 74/2 108/4
s 1
f 1236/1 1234/3 1382/5
f 74/2 1236/1 139/6
s 0
f 1234/3 108/4 10/7
s 1
f 108/4 74/2 323/8
f 323/8 74/2 351/9
f 351/9 74/2 139/6
f 108/4 323/8 369/10
f 323/8 351/9 426/11
f 323/8 426/11 369/10
f 108/4 369/10 322/12
s 0
f 108/4 322/12 10/7
s 1
f 369/10 426/11 419/13
f 419/13 426/11 450/14
f 450/14 426/11 439/15
f 439/15 426/11 351/9
f 369/10 419/13 396/16
f 369/10 396/16 322/12
f 396/16 419/13 425/17
f 396/16 425/17 404/18
f 322/12 396/16 349/19
f 349/19 396/16 404/18
f 439/15 351/9 350/20
f 350/20 351/9 139/6
f 439/15 350/20 384/21
f 439/15 384/21 448/22
f 322/12 349/19 3/23
s 0
f 322/12 3/23 10/7
s 1
f 448/22 384/21 418/24
f 448/22 418/24 459/25
f 395/26 458/27 418/24
f 395/26 418/24 341/28
f 418/24 384/21 361/29
f 418/24 361/29 341/28
f 361/29 384/21 226/30
f 226/30 384/21 350/20
f 341/28 361/29 195/31
f 195/31 361/29 226/30
f 341/28 195/31 174/32
f 174/32 195/31 73/33
f 226/30 350/20 132/34
f 132/34 350/20 139/6
f 195/31 226/30 82/35
f 82/35 226/30 132/34
f 195/31 82/35 73/33
f 132/34 139/6 1235/36
f 132/34 1235/36 82/35
f 1235/36 139/6 1236/1
f 73/33 82/35 1316/37
f 1316/37 82/35 1235/36
f 73/33 1316/37 1308/38
f 1308/38 1316/37 1430/39
f 1235/36 1236/1 1373/40
f 1316/37 1235/36 1366/41
f 1366/41 1235/36 1373/40
f 1373/40 1236/1 1382/5
f 1316/37 1366/41 1460/42
f 1316/37 1460/42 1430/39
f 1430/39 1460/42 1596/43
f 1596/43 1460/42 1619/44
f 1460/42 1366/41 1585/45
f 1460/42 1585/45 1619/44
f 1585/45 1366/41 1373/40
f 1619/44 1585/45 1662/46
f 1619/44 1662/46 1683/47
f 1585/45 1373/40 1586/48
f 1585/45 1586/48 1662/46
f 1586/48 1373/40 1382/5
f 1662/46 1586/48 1655/49
f 1662/46 1655/49 1685/50
f 1685/50 1655/49 1654/51
f 1655/49 1586/48 1597/52
f 1655/49 1597/52 1654/51
f 1597/52 1586/48 1382/5
f 1654/51 1597/52 1558/53
f 1597/52 1382/5 1348/54
f 1597/52 1348/54 1558/53
s 0
f 1348/54 1382/5 1234/3
f 1348/54 1234/3 10/7
s 1
f 1654/51 1558/53 1631/55
f 1348/54 10/7 1271/56
f 1348/54 1271/56 1558/53
f 1271/56 10/7 3/23
f 1558/53 1271/56 1276/57
f 1276/57 1271/56 3/23
f 1631/55 1558/53 1584/58
f 1584/58 1558/53 1276/57
f 1631/55 1584/58 1639/59
f 1639/59 1584/58 1583/60
f 1583/60 1584/58 1276/57
f 1639/59 1583/60 1615/61
f 1276/57 3/23 2/62
f 2/62 3/23 349/19
f 1583/60 1276/57 1240/63
f 1240/63 1276/57 2/62
f 1615/61 1583/60 1557/64
f 1557/64 1583/60 1240/63
f 2/62 349/19 340/65
f 340/65 349/19 404/18
f 1240/63 2/62 46/66
f 46/66 2/62 340/65
f 1557/64 1240/63 1281/67
f 340/65 404/18 380/68
f 380/68 404/18 417/69
f 380/68 417/69 403/70
f 340/65 380/68 266/71
f 340/65 266/71 46/66
f 380/68 403/70 360/72
f 380/68 360/72 266/71
f 360/72 403/70 394/73
f 1/74 1240/63 46/66
f 1/74 46/66 266/71
f 1240/63 1/74 1281/67
f 266/71 360/72 207/75
f 266/71 207/75 1/74
f 360/72 394/73 321/76
f 321/76 394/73 307/77
f 307/77 394/73 378/78
f 360/72 321/76 206/79
f 360/72 206/79 207/75
f 307/77 378/78 339/80
f 206/79 321/76 181/81
f 181/81 321/76 307/77
f 207/75 206/79 1134/82
f 1134/82 206/79 181/81
f 1233/83 1/74 207/75
f 1/74 1233/83 1281/67
f 1233/83 207/75 1134/82
f 1281/67 1233/83 1501/84
f 1281/67 1501/84 1557/64
f 1557/64 1501/84 1615/61
s 0
f 1501/84 1233/83 1468/85
s 1
f 1468/85 1233/83 1134/82
f 1615/61 1501/84 1595/86
f 1595/86 1501/84 1468/85
f 1615/61 1595/86 1638/87
f 1595/86 1468/85 1441/88
f 1441/88 1468/85 1134/82
f 1595/86 1441/88 1556/89
f 1556/89 1441/88 1416/90
f 1416/90 1441/88 1134/82
f 1556/89 1416/90 1542/91
f 1416/90 1134/82 1232/92
f 1542/91 1416/90 1390/93
f 1390/93 1416/90 1232/92
f 1232/92 1134/82 181/81
f 1542/91 1390/93 1500/94
f 1232/92 181/81 155/95
f 155/95 181/81 307/77
s 0
f 1390/93 1232/92 1230/96
f 1230/96 1232/92 155/95
s 1
f 1500/94 1390/93 1371/97
f 1371/97 1390/93 1230/96
f 1500/94 1371/97 1449/98
f 1449/98 1371/97 1346/99
f 1346/99 1371/97 1228/100
f 1228/100 1371/97 1230/96
f 1346/99 1228/100 1307/101
f 1230/96 155/95 137/102
f 1230/96 137/102 1228/100
f 265/103 155/95 307/77
f 155/95 265/103 137/102
f 265/103 307/77 339/80
f 265/103 339/80 300/104
f 1228/100 137/102 113/105
f 72/106 1307/101 1228/100
f 72/106 1228/100 113/105
f 1307/101 72/106 1226/107
f 113/105 137/102 215/108
f 215/108 137/102 265/103
f 113/105 215/108 72/106
f 215/108 265/103 300/104
f 72/106 215/108 204/109
f 204/109 215/108 300/104
f 1619/110 1683/111 1653/112
f 1619/110 1653/112 1596/113
f 1653/112 1683/111 1694/114
f 1653/112 1694/114 1693/115
f 1653/112 1693/115 1630/116
f 1694/114 1683/111 1719/117
f 1693/115 1694/114 1726/118
f 1726/118 1694/114 1719/117
f 1630/116 1693/115 1681/119
f 1630/116 1681/119 1614/120
f 1614/120 1681/119 1660/121
f 1681/119 1693/115 1725/122
f 1725/122 1693/115 1726/118
f 1660/121 1681/119 1718/123
f 1718/123 1681/119 1725/122
f 1594/124 1660/121 1651/125
f 1651/125 1660/121 1718/123
f 1651/125 1718/123 1710/126
f 1725/122 1726/118 1748/127
f 1718/123 1725/122 1747/128
f 1747/128 1725/122 1748/127
f 1748/127 1726/118 1749/129
f 1749/129 1726/118 1719/117
f 1747/128 1748/127 1812/130
f 1718/123 1747/128 1759/131
f 1759/131 1747/128 1812/130
f 1718/123 1759/131 1710/126
f 1748/127 1749/129 1813/132
f 1748/127 1813/132 1812/130
f 1813/132 1749/129 1820/133
f 1820/133 1749/129 1719/117
f 1812/130 1813/132 1878/134
f 1878/134 1813/132 1820/133
f 1812/130 1878/134 1889/135
f 1878/134 1820/133 1891/136
f 1812/130 1889/135 1819/137
f 1812/130 1819/137 1759/131
f 1819/137 1889/135 1877/138
f 1759/131 1819/137 1811/139
f 1811/139 1819/137 1877/138
f 1759/131 1811/139 1710/126
f 1811/139 1877/138 1876/140
f 1821/141 1891/136 1820/133
f 1821/141 1820/133 1719/117
f 1891/136 1821/141 1899/142
f 1710/126 1811/139 1810/143
f 1810/143 1811/139 1876/140
f 1899/142 1821/141 1822/144
f 1899/142 1822/144 1901/145
f 1821/141 1719/117 1712/146
f 1821/141 1712/146 1822/144
f 1712/146 1719/117 1684/147
f 1684/147 1719/117 1683/111
f 1684/147 1683/111 1662/148
f 1822/144 1712/146 1713/149
f 1713/149 1712/146 1684/147
f 1822/144 1713/149 1823/150
f 1684/147 1662/148 1685/151
f 1684/147 1685/151 1713/149
f 1823/150 1713/149 1695/152
f 1695/152 1713/149 1685/151
f 1823/150 1695/152 1814/153
f 1695/152 1685/151 1661/154
f 1661/154 1685/151 1654/155
f 1695/152 1661/154 1682/156
f 1682/156 1661/154 1674/157
f 1674/157 1661/154 1639/158
f 1674/157 1639/158 1652/159
f 1674/157 1652/159 1673/160
f 1673/160 1652/159 1672/161
f 1654/162 1631/163 1661/164
f 1661/164 1631/163 1639/165
f 449/166 439/167 448/168
f 439/167 449/166 450/169
f 450/169 449/166 478/170
f 449/166 448/168 484/171
f 484/171 448/168 459/172
f 478/170 449/166 477/173
f 477/173 449/166 484/171
f 478/170 477/173 587/174
f 478/170 587/174 588/175
f 587/174 477/173 586/176
f 586/176 477/173 484/171
f 656/177 664/178 586/176
f 656/177 586/176 585/179
f 585/179 586/176 484/171
f 656/177 585/179 643/180
f 585/179 484/171 514/181
f 643/180 585/179 578/182
f 578/182 585/179 514/181
f 643/180 578/182 577/183
f 643/180 577/183 654/184
f 578/182 514/181 513/185
f 578/182 513/185 577/183
f 514/181 484/171 491/186
f 514/181 491/186 513/185
f 491/186 484/171 459/172
f 491/186 459/172 458/187
f 458/187 459/172 418/188
f 513/185 491/186 490/189
f 490/189 491/186 458/187
f 512/190 577/183 513/185
f 512/190 513/185 490/189
f 490/189 458/187 446/191
f 446/191 458/187 395/192
f 446/191 395/192 379/193
f 490/189 446/191 483/194
f 490/189 483/194 512/190
f 446/191 379/193 424/195
f 446/191 424/195 483/194
f 424/195 379/193 359/196
f 424/195 359/196 416/197
f 424/195 416/197 483/194
f 512/190 483/194 524/198
f 512/190 524/198 577/183
f 483/194 416/197 475/199
f 483/194 475/199 524/198
f 577/183 524/198 584/200
f 577/183 584/200 654/184
f 654/184 584/200 642/201
f 584/200 524/198 576/202
f 584/200 576/202 642/201
f 576/202 524/198 475/199
f 642/201 576/202 641/203
f 435/204 475/199 416/197
f 435/204 416/197 377/205
f 576/202 475/199 575/206
f 576/202 575/206 641/203
f 475/199 435/204 474/207
f 475/199 474/207 575/206
f 641/203 575/206 574/208
f 574/208 575/206 474/207
f 641/203 574/208 640/209
f 474/207 435/204 481/210
f 474/207 481/210 574/208
f 481/210 435/204 457/211
f 457/211 435/204 392/212
f 481/210 457/211 489/213
f 640/209 574/208 573/214
f 573/214 574/208 481/210
f 573/214 481/210 489/213
f 640/209 573/214 638/215
f 489/213 457/211 472/216
f 638/215 573/214 572/217
f 572/217 573/214 489/213
f 638/215 572/217 636/218
f 636/218 572/217 571/219
f 571/219 572/217 489/213
f 636/218 571/219 635/220
f 489/213 472/216 488/221
f 489/213 488/221 571/219
f 488/221 472/216 471/222
f 635/220 571/219 570/223
f 570/223 571/219 488/221
f 635/220 570/223 634/224
f 634/224 570/223 631/225
f 570/223 488/221 480/226
f 480/226 488/221 471/222
f 570/223 480/226 561/227
f 480/226 471/222 444/228
f 561/227 480/226 470/229
f 470/229 480/226 444/228
f 561/227 470/229 560/230
f 470/229 444/228 433/231
f 560/230 470/229 455/232
f 455/232 470/229 433/231
f 560/230 455/232 545/233
f 455/232 433/231 412/234
f 545/233 455/232 432/235
f 432/235 455/232 412/234
f 1430/236 1596/237 1575/238
f 1575/238 1596/237 1653/239
f 1575/238 1653/239 1630/240
f 1430/236 1575/238 1409/241
f 1430/236 1409/241 1308/242
f 1575/238 1630/240 1513/243
f 1575/238 1513/243 1409/241
f 1513/243 1630/240 1614/244
f 1308/242 1409/241 1295/245
f 1308/242 1295/245 73/246
f 1409/241 1513/243 1372/247
f 1409/241 1372/247 1295/245
f 1513/243 1614/244 1479/248
f 1513/243 1479/248 1372/247
f 1479/248 1614/244 1594/249
f 1594/249 1614/244 1660/250
f 73/246 1295/245 60/251
f 73/246 60/251 174/252
f 1295/245 1372/247 1275/253
f 1295/245 1275/253 60/251
f 1372/247 1479/248 1347/254
f 1372/247 1347/254 1275/253
f 1479/248 1594/249 1440/255
f 1479/248 1440/255 1347/254
f 1440/255 1594/249 1543/256
f 1543/256 1594/249 1651/257
f 1543/256 1651/257 1612/258
f 1440/255 1543/256 1399/259
f 1347/254 1440/255 1324/260
f 1324/260 1440/255 1399/259
f 1266/261 1275/253 1347/254
f 1266/261 1347/254 1324/260
f 1543/256 1612/258 1450/262
f 1543/256 1450/262 1399/259
f 1275/253 1266/261 33/263
f 1266/261 1324/260 1255/264
f 1266/261 1255/264 33/263
f 1265/265 1324/260 1399/259
f 1324/260 1265/265 1255/264
f 1399/259 1450/262 1303/266
f 1399/259 1303/266 1265/265
f 1303/266 1450/262 1315/267
f 1265/265 1303/266 1231/268
f 1231/268 1303/266 1315/267
f 1255/264 1265/265 32/269
f 32/269 1265/265 1231/268
f 22/270 33/263 1255/264
f 22/270 1255/264 32/269
f 33/263 22/270 90/271
f 90/271 22/270 32/269
f 1487/272 1315/267 1450/262
f 1487/272 1450/262 1612/258
f 1487/272 1612/258 1627/273
f 1627/273 1612/258 1671/274
f 1627/273 1671/274 1692/275
f 1627/273 1692/275 1637/276
f 1637/276 1692/275 1707/277
f 1627/273 1637/276 1512/278
f 1627/273 1512/278 1487/272
f 1512/278 1637/276 1521/279
f 1512/278 1521/279 1323/280
f 1487/272 1512/278 1314/281
f 1314/281 1512/278 1323/280
f 1487/272 1314/281 1315/267
f 1314/281 1323/280 1227/282
f 1315/267 1314/281 1229/283
f 1229/283 1314/281 1227/282
f 1315/267 1229/283 1231/268
f 1229/283 1227/282 80/284
f 80/284 1227/282 89/285
f 1231/268 1229/283 81/286
f 81/286 1229/283 80/284
f 1231/268 81/286 68/287
f 1231/268 68/287 32/269
f 80/284 89/285 277/288
f 277/288 89/285 286/289
f 277/288 286/289 402/290
f 472/291 457/292 402/290
f 402/290 457/292 392/293
f 402/290 392/293 277/288
f 80/284 277/288 252/294
f 252/294 277/288 392/293
f 80/284 252/294 81/286
f 252/294 392/293 377/295
f 377/295 392/293 435/296
f 81/286 252/294 216/297
f 216/297 252/294 377/295
f 81/286 216/297 68/287
f 216/297 377/295 308/298
f 308/298 377/295 416/299
f 68/287 216/297 164/300
f 164/300 216/297 308/298
f 68/287 164/300 32/269
f 308/298 416/299 359/301
f 32/269 164/300 90/271
f 164/300 308/298 205/302
f 205/302 308/298 359/301
f 164/300 205/302 90/271
f 205/302 359/301 244/303
f 90/271 205/302 114/304
f 114/304 205/302 244/303
f 244/303 359/301 379/305
f 90/271 114/304 33/263
f 244/303 379/305 278/306
f 278/306 379/305 395/307
f 278/306 395/307 341/308
f 278/306 341/308 174/252
f 244/303 278/306 138/309
f 138/309 278/306 174/252
f 244/303 138/309 114/304
f 138/309 174/252 60/251
f 41/310 33/263 114/304
f 41/310 114/304 138/309
f 41/310 138/309 60/251
f 33/263 41/310 1275/253
f 1275/253 41/310 60/251
f 425/311 419/312 450/313
f 425/311 450/313 460/314
f 460/314 450/313 478/315
f 425/311 460/314 447/316
f 425/311 447/316 438/317
f 425/311 438/317 404/318
f 579/319 563/320 447/316
f 447/316 563/320 438/317
f 438/317 563/320 533/321
f 404/318 438/317 417/322
f 438/317 533/321 437/323
f 438/317 437/323 417/322
f 437/323 533/321 507/324
f 417/322 437/323 436/325
f 436/325 437/323 507/324
f 417/322 436/325 403/326
f 403/326 436/325 394/327
f 436/325 507/324 476/328
f 436/325 476/328 394/327
f 394/327 476/328 423/329
f 394/327 423/329 378/330
f 423/329 476/328 506/331
f 506/331 476/328 554/332
f 378/330 423/329 393/333
f 378/330 393/333 339/334
f 393/333 423/329 482/335
f 482/335 423/329 506/331
f 339/334 393/333 358/336
f 339/334 358/336 300/337
f 393/333 482/335 498/338
f 393/333 498/338 358/336
f 482/335 506/331 532/339
f 498/338 482/335 562/340
f 562/340 482/335 532/339
f 300/337 358/336 306/341
f 300/337 306/341 251/342
f 358/336 498/338 473/343
f 306/341 358/336 357/344
f 357/344 358/336 473/343
f 251/342 306/341 285/345
f 251/342 285/345 243/346
f 306/341 357/344 320/347
f 306/341 320/347 285/345
f 357/344 473/343 445/348
f 357/344 445/348 320/347
f 566/349 473/343 498/338
f 566/349 498/338 562/340
f 243/346 285/345 264/350
f 243/346 264/350 225/351
f 225/351 264/350 250/352
f 298/353 285/345 320/347
f 285/345 298/353 264/350
f 298/353 320/347 445/348
f 250/352 264/350 297/354
f 297/354 264/350 298/353
f 250/352 297/354 295/355
f 250/352 295/355 249/356
f 249/356 295/355 338/357
f 295/355 297/354 413/358
f 295/355 413/358 338/357
f 297/354 298/353 434/359
f 434/359 298/353 445/348
f 297/354 434/359 413/358
f 434/359 445/348 546/360
f 413/358 434/359 523/361
f 523/361 434/359 546/360
f 338/357 413/358 505/362
f 505/362 413/358 523/361
f 338/357 505/362 583/363
f 338/357 583/363 456/364
f 505/362 523/361 602/365
f 505/362 602/365 583/363
f 523/361 546/360 618/366
f 523/361 618/366 602/365
f 456/364 583/363 673/367
f 456/364 673/367 607/368
f 583/363 602/365 653/369
f 583/363 653/369 673/367
f 607/368 673/367 764/370
f 653/369 602/365 695/371
f 695/371 602/365 618/366
f 673/367 653/369 746/372
f 746/372 653/369 695/371
f 764/370 673/367 814/373
f 764/370 814/373 876/374
f 673/367 746/372 815/375
f 673/367 815/375 814/373
f 815/375 746/372 869/376
f 746/372 695/371 798/377
f 746/372 798/377 869/376
f 798/377 695/371 709/378
f 709/378 695/371 618/366
f 814/373 815/375 914/379
f 814/373 914/379 926/380
f 914/379 815/375 934/381
f 934/381 815/375 869/376
f 926/380 914/379 958/382
f 926/380 958/382 963/383
f 914/379 934/381 965/384
f 914/379 965/384 958/382
f 963/383 958/382 984/385
f 963/383 984/385 985/386
f 985/386 984/385 1024/387
f 984/385 958/382 1001/388
f 1001/388 958/382 965/384
f 1024/387 984/385 1023/389
f 1023/389 984/385 1001/388
f 1024/387 1023/389 1048/390
f 1048/390 1023/389 1047/391
f 1048/390 1047/391 1060/392
f 1023/389 1001/388 1037/393
f 1023/389 1037/393 1047/391
f 1060/392 1047/391 1066/394
f 1066/394 1047/391 1037/393
f 1060/392 1066/394 1073/395
f 1073/395 1066/394 1081/396
f 1073/395 1081/396 1108/397
f 1066/394 1037/393 1043/398
f 1066/394 1043/398 1081/396
f 1005/399 1037/393 1001/388
f 1037/393 1005/399 1043/398
f 1005/399 1001/388 965/384
f 1005/399 965/384 975/400
f 975/400 965/384 934/381
f 1043/398 1005/399 1013/401
f 1013/401 1005/399 975/400
f 1095/402 1081/396 1043/398
f 1095/402 1043/398 1013/401
f 1013/401 975/400 1002/403
f 1013/401 1002/403 1095/402
f 975/400 934/381 937/404
f 975/400 937/404 1002/403
f 937/404 934/381 869/376
f 1002/403 937/404 966/405
f 966/405 937/404 869/376
f 1095/402 1002/403 1100/406
f 966/405 869/376 898/407
f 898/407 869/376 798/377
f 1002/403 966/405 1021/408
f 1002/403 1021/408 1100/406
f 966/405 898/407 967/409
f 966/405 967/409 1021/408
f 898/407 798/377 823/410
f 823/410 798/377 709/378
f 898/407 823/410 915/411
f 898/407 915/411 967/409
f 823/410 709/378 738/412
f 915/411 823/410 830/413
f 830/413 823/410 738/412
f 738/412 709/378 632/414
f 632/414 709/378 618/366
f 632/414 618/366 546/360
f 632/414 546/360 553/415
f 553/415 546/360 445/348
f 553/415 445/348 473/343
f 553/415 473/343 566/349
f 632/414 553/415 637/416
f 632/414 637/416 738/412
f 637/416 553/415 566/349
f 738/412 637/416 739/417
f 738/412 739/417 830/413
f 637/416 566/349 639/418
f 637/416 639/418 739/417
s 0
f 639/418 566/349 562/340
f 639/418 562/340 619/419
s 1
f 619/419 562/340 532/339
f 739/417 639/418 720/420
f 720/420 639/418 619/419
f 825/421 830/413 739/417
f 825/421 739/417 720/420
f 619/419 532/339 593/422
f 593/422 532/339 506/331
f 720/420 619/419 690/423
f 690/423 619/419 593/422
f 825/421 720/420 795/424
f 795/424 720/420 690/423
f 916/425 830/413 825/421
f 830/413 916/425 915/411
f 825/421 795/424 883/426
f 825/421 883/426 916/425
f 915/411 916/425 969/427
f 915/411 969/427 967/409
f 916/425 883/426 960/428
f 916/425 960/428 969/427
f 883/426 795/424 834/429
f 960/428 883/426 938/430
f 938/430 883/426 834/429
f 834/429 795/424 729/431
f 729/431 795/424 690/423
f 938/430 834/429 878/432
f 729/431 690/423 620/433
f 620/433 690/423 593/422
f 834/429 729/431 777/434
f 834/429 777/434 878/432
f 729/431 620/433 655/435
f 729/431 655/435 777/434
f 620/433 593/422 599/436
f 599/436 593/422 506/331
f 599/436 506/331 554/332
f 599/436 554/332 594/437
f 620/433 599/436 623/438
f 623/438 599/436 594/437
f 620/433 623/438 655/435
f 623/438 594/437 613/439
f 623/438 613/439 665/440
f 655/435 623/438 663/441
f 663/441 623/438 665/440
f 655/435 663/441 691/442
f 655/435 691/442 777/434
f 663/441 665/440 696/443
f 663/441 696/443 691/442
f 696/443 665/440 700/444
f 777/434 691/442 802/445
f 777/434 802/445 878/432
f 691/442 696/443 704/446
f 691/442 704/446 802/445
f 696/443 700/444 706/447
f 696/443 706/447 704/446
f 706/447 700/444 713/448
f 704/446 706/447 712/449
f 712/449 706/447 713/448
f 712/449 713/448 722/450
f 712/449 722/450 750/451
f 722/450 713/448 723/452
f 722/450 723/452 732/453
f 732/453 723/452 733/454
f 732/453 733/454 730/455
f 730/455 733/454 731/456
f 730/455 731/456 741/457
f 741/457 731/456 740/458
f 741/457 740/458 748/459
f 807/460 704/446 712/449
f 807/460 712/449 817/461
f 704/446 807/460 802/445
f 807/460 817/461 917/462
f 802/445 807/460 901/463
f 901/463 807/460 917/462
f 802/445 901/463 878/432
f 901/463 917/462 976/464
f 878/432 901/463 961/465
f 961/465 901/463 976/464
f 878/432 961/465 938/430
f 976/464 917/462 970/466
f 938/430 961/465 994/467
f 938/430 994/467 960/428
f 961/465 976/464 1017/468
f 961/465 1017/468 994/467
f 976/464 970/466 1032/469
f 976/464 1032/469 1017/468
f 1032/469 970/466 1004/470
f 1032/469 1004/470 1033/471
f 1032/469 1033/471 1046/472
f 1007/473 960/428 994/467
f 960/428 1007/473 969/427
f 1022/474 994/467 1017/468
f 994/467 1022/474 1007/473
f 1030/475 1017/468 1032/469
f 1017/468 1030/475 1022/474
f 1045/476 1032/469 1046/472
f 1032/469 1045/476 1030/475
f 1045/476 1046/472 1079/477
f 1079/477 1046/472 1040/478
f 1045/476 1079/477 1078/479
f 1078/479 1079/477 1132/480
f 1030/475 1045/476 1053/481
f 1053/481 1045/476 1078/479
f 1052/482 1022/474 1030/475
f 1052/482 1030/475 1053/481
f 1078/479 1132/480 1123/483
f 1053/481 1078/479 1077/484
f 1053/481 1077/484 1052/482
f 1077/484 1078/479 1123/483
f 1022/474 1052/482 1039/485
f 1022/474 1039/485 1007/473
f 1052/482 1077/484 1105/486
f 1105/486 1077/484 1123/483
f 1052/482 1105/486 1076/487
f 1052/482 1076/487 1039/485
f 1076/487 1105/486 1116/488
f 1007/473 1039/485 1003/489
f 1007/473 1003/489 969/427
f 969/427 1003/489 967/409
f 967/409 1003/489 1014/490
f 1014/490 1003/489 1039/485
f 967/409 1014/490 1021/408
f 1075/491 1039/485 1076/487
f 1039/485 1075/491 1014/490
f 1014/490 1075/491 1021/408
f 1075/491 1076/487 1116/488
f 1021/408 1075/491 1100/406
f 1100/406 1075/491 1115/492
f 1115/492 1075/491 1116/488
f 1100/406 1115/492 1087/493
f 1100/406 1087/493 1095/402
f 1095/402 1087/493 1081/396
f 1087/493 1115/492 1088/494
f 1088/494 1115/492 1116/488
f 1081/396 1087/493 1107/495
f 1107/495 1087/493 1088/494
f 1081/396 1107/495 1108/397
f 1108/397 1107/495 1126/496
f 1126/496 1107/495 1127/497
f 1127/497 1107/495 1088/494
f 1126/496 1127/497 1125/498
f 1088/494 1116/488 1089/499
f 1088/494 1089/499 1127/497
f 1125/498 1127/497 1129/500
f 1129/500 1127/497 1089/499
f 1125/498 1129/500 1128/501
f 1089/499 1116/488 1117/502
f 1117/502 1116/488 1105/486
f 1117/502 1105/486 1123/483
f 1089/499 1117/502 1090/503
f 1089/499 1090/503 1129/500
f 1117/502 1123/483 1119/504
f 1117/502 1119/504 1090/503
f 1119/504 1123/483 1120/505
f 1110/506 1128/501 1129/500
f 1110/506 1129/500 1090/503
f 1128/501 1110/506 1130/507
f 1090/503 1119/504 1092/508
f 1092/508 1119/504 1120/505
f 1090/503 1092/508 1110/506
f 1130/507 1110/506 1111/509
f 1111/509 1110/506 1092/508
f 1130/507 1111/509 1131/510
f 1092/508 1120/505 1093/511
f 1092/508 1093/511 1111/509
f 1093/511 1120/505 1121/512
f 1131/510 1111/509 1113/513
f 1113/513 1111/509 1093/511
f 1131/510 1113/513 1112/514
f 1112/514 1113/513 1114/515
f 1113/513 1093/511 1096/516
f 1096/516 1093/511 1121/512
f 1113/513 1096/516 1114/515
f 1096/516 1121/512 1106/517
f 1114/515 1096/516 1098/518
s 0
f 1098/518 1096/516 1106/517
s 1
f 1114/515 1098/518 1101/519
s 0
f 1098/518 1106/517 1104/520
f 1098/518 1104/520 1101/519
s 1
f 1101/519 1104/520 1102/521
f 1101/519 1102/521 1099/522
f 1102/521 1104/520 1103/523
f 478/524 588/525 460/526
f 460/526 588/525 579/527
f 460/526 579/527 447/528
f 579/527 588/525 667/529
f 667/529 588/525 666/530
f 666/530 588/525 587/531
f 579/527 667/529 624/532
f 579/527 624/532 563/533
f 667/529 666/530 697/534
f 667/529 697/534 700/535
f 667/529 700/535 665/536
f 667/529 665/536 624/532
f 624/532 665/536 613/537
f 624/532 613/537 563/533
f 563/533 613/537 533/538
f 533/538 613/537 594/539
f 533/538 594/539 507/540
f 507/540 594/539 554/541
f 507/540 554/541 476/542
f 664/543 697/534 666/530
f 664/543 666/530 587/531
f 664/543 587/531 586/544
f 697/534 664/543 699/545
f 699/545 664/543 705/546
f 705/546 664/543 656/547
f 705/546 656/547 643/548
f 705/546 643/548 711/549
f 1639/550 1615/551 1652/552
f 1652/552 1615/551 1638/553
f 1652/552 1638/553 1672/554
f 1672/554 1638/553 1629/555
f 1629/555 1638/553 1595/556
f 1629/555 1595/556 1556/557
f 1629/555 1556/557 1542/558
f 1672/554 1629/555 1711/559
f 1629/555 1542/558 1613/560
f 1629/555 1613/560 1659/561
f 1629/555 1659/561 1711/559
f 1613/560 1542/558 1574/562
f 1574/562 1542/558 1500/563
f 1659/561 1613/560 1628/564
f 1628/564 1613/560 1574/562
f 1574/562 1500/563 1535/565
f 1628/564 1574/562 1593/566
f 1593/566 1574/562 1535/565
f 1535/565 1500/563 1449/567
f 1741/568 1711/559 1659/561
f 1346/569 1307/570 1449/567
f 1449/567 1307/570 1439/571
f 1449/567 1439/571 1535/565
f 1439/571 1307/570 1226/572
f 1439/571 1226/572 1486/573
f 1439/571 1486/573 1535/565
f 1535/565 1486/573 1541/574
f 1535/565 1541/574 1593/566
f 1541/574 1486/573 1520/575
f 1520/575 1486/573 1478/576
f 1593/566 1541/574 1592/577
f 1541/574 1520/575 1555/578
f 1541/574 1555/578 1592/577
f 1520/575 1478/576 1499/579
f 1499/579 1478/576 1459/580
f 1555/578 1520/575 1533/581
f 1533/581 1520/575 1499/579
f 1592/577 1555/578 1680/582
f 1680/582 1555/578 1533/581
f 1708/583 1593/566 1592/577
f 1708/583 1592/577 1680/582
f 1499/579 1459/580 1485/584
f 1485/584 1459/580 1448/585
f 1533/581 1499/579 1532/586
f 1532/586 1499/579 1485/584
f 1680/582 1533/581 1670/587
f 1670/587 1533/581 1532/586
f 1532/586 1485/584 1530/588
f 1530/588 1485/584 1484/589
f 1670/587 1532/586 1648/590
f 1648/590 1532/586 1530/588
f 1530/588 1484/589 1573/591
f 1530/588 1573/591 1648/590
f 1648/590 1573/591 1740/592
f 1670/587 1648/590 1758/593
f 1758/593 1648/590 1740/592
f 1740/592 1573/591 1818/594
f 1670/587 1758/593 1781/595
f 1670/587 1781/595 1680/582
f 1818/594 1573/591 1691/596
f 1758/593 1740/592 1837/597
f 1837/597 1740/592 1818/594
f 1781/595 1758/593 1853/598
f 1853/598 1758/593 1837/597
f 1680/582 1781/595 1788/599
f 1818/594 1691/596 1908/600
f 1908/600 1691/596 1842/601
f 1680/582 1788/599 1708/583
f 1781/595 1853/598 1867/602
f 1781/595 1867/602 1788/599
f 1708/583 1788/599 1801/603
f 1788/599 1867/602 1872/604
f 1788/599 1872/604 1801/603
f 1708/583 1801/603 1733/605
f 1708/583 1733/605 1593/566
f 1593/566 1733/605 1628/564
f 1628/564 1733/605 1717/606
f 1628/564 1717/606 1659/561
f 1733/605 1801/603 1797/607
f 1733/605 1797/607 1717/606
f 1659/561 1717/606 1741/568
s 0
f 1797/607 1801/603 1874/608
s 1
f 1874/608 1801/603 1872/604
f 1717/606 1797/607 1767/609
f 1717/606 1767/609 1741/568
s 0
f 1797/607 1874/608 1854/610
s 1
f 1797/607 1854/610 1767/609
f 1874/608 1872/604 1974/611
f 1767/609 1854/610 1828/612
f 1767/609 1828/612 1741/568
f 1854/610 1874/608 1955/613
f 1955/613 1874/608 1974/611
f 1828/612 1854/610 1925/614
f 1925/614 1854/610 1955/613
f 1741/568 1828/612 1834/615
f 1828/612 1925/614 1855/616
f 1855/616 1925/614 1964/617
f 1855/616 1964/617 1890/618
f 1964/617 1925/614 2030/619
f 2030/619 1925/614 1955/613
f 2030/619 1955/613 2060/620
f 2060/620 1955/613 1974/611
f 2030/619 2060/620 2120/621
f 2120/621 2060/620 2153/622
f 2060/620 1974/611 2071/623
f 2060/620 2071/623 2153/622
f 2071/623 1974/611 1973/624
f 1973/624 1974/611 1872/604
f 1973/624 1872/604 1867/602
f 2153/622 2071/623 2152/625
f 2153/622 2152/625 2206/626
f 2071/623 1973/624 2058/627
f 2071/623 2058/627 2152/625
f 1973/624 1867/602 1944/628
f 1973/624 1944/628 2058/627
f 1944/628 1867/602 1853/598
f 2206/626 2152/625 2204/629
f 1944/628 1853/598 1930/630
f 2206/626 2204/629 2240/631
f 1930/630 1853/598 1837/597
f 2135/632 2152/625 2058/627
f 2152/625 2135/632 2204/629
f 2033/633 2058/627 1944/628
f 2033/633 1944/628 1930/630
f 2058/627 2033/633 2135/632
f 1930/630 1837/597 1888/634
f 1888/634 1837/597 1818/594
f 1888/634 1818/594 1908/600
f 1930/630 1888/634 1981/635
f 1930/630 1981/635 2033/633
f 1981/635 1888/634 1908/600
f 2135/632 2033/633 2106/636
f 2106/636 2033/633 1981/635
f 1981/635 1908/600 2050/637
f 1981/635 2050/637 2106/636
f 2050/637 1908/600 2049/638
f 2049/638 1908/600 1999/639
f 2050/637 2049/638 2151/640
f 2151/640 2049/638 2163/641
f 2151/640 2163/641 2195/642
f 2050/637 2151/640 2171/643
f 2050/637 2171/643 2106/636
f 2151/640 2195/642 2202/644
f 2151/640 2202/644 2171/643
f 2202/644 2195/642 2238/645
f 2106/636 2171/643 2174/646
f 2171/643 2202/644 2212/647
f 2171/643 2212/647 2174/646
f 2202/644 2238/645 2242/648
f 2202/644 2242/648 2212/647
f 2212/647 2242/648 2250/649
f 2174/646 2212/647 2239/650
f 2250/649 2242/648 2280/651
f 2242/648 2238/645 2274/652
f 2242/648 2274/652 2280/651
f 2274/652 2238/645 2260/653
f 2280/651 2274/652 2303/654
f 2303/654 2274/652 2284/655
f 2174/646 2239/650 2203/656
f 2174/646 2203/656 2106/636
f 2106/636 2203/656 2135/632
f 2135/632 2203/656 2204/629
f 2203/656 2239/650 2258/657
f 2203/656 2258/657 2204/629
f 2258/657 2239/650 2324/658
f 2258/657 2324/658 2311/659
f 2204/629 2258/657 2251/660
f 2251/660 2258/657 2311/659
f 2204/629 2251/660 2240/631
f 2251/660 2311/659 2276/661
f 2251/660 2276/661 2240/631
f 2240/631 2276/661 2244/662
f 2276/661 2311/659 2312/663
f 2276/661 2312/663 2289/664
f 2276/661 2289/664 2259/665
f 2289/664 2312/663 2326/666
f 2289/664 2326/666 2313/667
f 2289/664 2313/667 2290/668
f 2290/668 2313/667 2314/669
f 2290/668 2314/669 2282/670
f 1682/671 1674/672 1798/673
f 1682/671 1798/673 1814/674
f 1682/671 1814/674 1695/675
f 1798/673 1674/672 1768/676
f 1768/676 1674/672 1673/677
f 1768/676 1673/677 1742/678
f 1742/678 1673/677 1672/554
f 1742/678 1672/554 1711/559
f 1768/676 1742/678 1829/679
f 1742/678 1711/559 1789/680
f 1742/678 1789/680 1829/679
f 1789/680 1711/559 1741/568
f 1789/680 1741/568 1834/615
f 1789/680 1834/615 1829/679
f 1768/676 1829/679 1848/681
f 1829/679 1834/615 1858/682
f 1829/679 1858/682 1848/681
f 1848/681 1858/682 1900/683
f 1848/681 1900/683 1859/684
f 1859/684 1900/683 1902/685
f 1902/685 1900/683 1935/686
f 1823/687 1814/688 1902/689
f 1902/689 1814/688 1859/690
f 1859/690 1814/688 1798/691
f 1859/690 1798/691 1848/692
f 1848/692 1798/691 1768/693
f 1823/687 1902/689 1901/694
f 1823/687 1901/694 1822/695
f 1901/694 1902/689 1932/696
f 1901/694 1932/696 1899/697
f 1932/696 1902/689 1935/698
f 1891/699 1899/700 1940/701
f 1891/702 1940/703 1878/704
f 1878/704 1940/703 1946/705
f 1878/704 1946/705 1889/706
f 1889/706 1946/705 1945/707
f 1889/706 1945/707 1877/708
f 1877/708 1945/707 1956/709
f 1877/708 1956/709 1876/710
f 1876/710 1956/709 1975/711
f 1876/710 1975/711 1875/712
f 1875/712 1975/711 1954/713
f 1875/712 1954/713 1873/714
f 1873/714 1954/713 1953/715
f 1873/714 1953/715 1871/716
f 1871/716 1953/715 1963/717
f 1871/716 1963/717 1870/718
f 1935/719 1900/720 1931/721
f 1931/721 1900/720 1898/722
f 1898/722 1900/720 1858/723
f 1935/719 1931/721 1941/724
f 1898/722 1858/723 1890/725
f 1890/725 1858/723 1855/726
f 1855/726 1858/723 1834/727
f 1855/726 1834/727 1828/728
f 1898/722 1890/725 1926/729
f 1898/722 1926/729 1931/721
f 1926/729 1890/725 2012/730
f 2012/730 1890/725 1964/731
f 1931/721 1926/729 1939/732
f 1931/721 1939/732 1941/724
f 1926/729 2012/730 2037/733
f 1926/729 2037/733 1939/732
f 2012/730 1964/731 2076/734
f 2076/734 1964/731 2030/735
f 2076/734 2030/735 2120/736
f 2012/730 2076/734 2115/737
f 2012/730 2115/737 2037/733
f 2076/734 2120/736 2175/738
f 2076/734 2175/738 2115/737
f 2175/738 2120/736 2197/739
f 2197/739 2120/736 2153/740
f 2197/739 2153/740 2206/741
f 2197/739 2206/741 2244/742
f 2244/742 2206/741 2240/743
f 2175/738 2197/739 2231/744
f 2231/744 2197/739 2244/742
f 2198/745 2115/737 2175/738
f 2198/745 2175/738 2231/744
f 2115/737 2198/745 2138/746
f 2115/737 2138/746 2037/733
f 2231/744 2244/742 2259/747
f 2259/747 2244/742 2276/748
f 2198/745 2231/744 2254/749
f 2254/749 2231/744 2259/747
f 2138/746 2198/745 2213/750
f 2213/750 2198/745 2254/749
f 2037/733 2138/746 2042/751
f 2037/733 2042/751 1939/732
f 2138/746 2213/750 2154/752
f 2138/746 2154/752 2042/751
f 2254/749 2259/747 2267/753
f 2267/753 2259/747 2289/754
f 2267/753 2289/754 2290/755
f 2267/753 2290/755 2282/756
f 2254/749 2267/753 2269/757
f 2269/757 2267/753 2282/756
f 2254/749 2269/757 2213/750
f 2207/758 2154/752 2213/750
f 2207/758 2213/750 2269/757
f 2154/752 2207/758 2139/759
f 2269/757 2282/756 2283/760
f 2283/760 2282/756 2315/761
f 2315/761 2282/756 2314/762
f 2269/757 2283/760 2270/763
f 2315/761 2314/762 2367/764
f 2207/758 2269/757 2241/765
f 2241/765 2269/757 2270/763
f 2207/758 2241/765 2199/766
f 2207/758 2199/766 2139/759
f 2283/760 2315/761 2277/767
f 2283/760 2277/767 2270/763
f 2241/765 2270/763 2246/768
f 2241/765 2246/768 2199/766
f 2246/768 2270/763 2277/767
f 2199/766 2246/768 2186/769
f 2199/766 2186/769 2139/759
f 2246/768 2277/767 2233/770
f 2246/768 2233/770 2186/769
f 2316/771 2277/767 2315/761
f 2316/771 2315/761 2367/764
f 2316/771 2367/764 2368/772
f 2277/767 2316/771 2268/773
f 2277/767 2268/773 2233/770
f 2316/771 2368/772 2309/774
f 2316/771 2309/774 2268/773
f 2309/774 2368/772 2356/775
f 2233/770 2268/773 2217/776
f 2233/770 2217/776 2186/769
f 2268/773 2309/774 2253/777
f 2268/773 2253/777 2217/776
f 2309/774 2356/775 2302/778
f 2309/774 2302/778 2253/777
f 2217/776 2253/777 2194/779
f 2186/769 2217/776 2164/780
f 2164/780 2217/776 2194/779
f 2186/769 2164/780 2107/781
f 2186/769 2107/781 2077/782
f 2186/769 2077/782 2139/759
f 2107/781 2164/780 2072/783
f 2077/782 2107/781 1995/784
f 1995/784 2107/781 2072/783
f 2072/783 2164/780 2121/785
f 2121/785 2164/780 2194/779
f 2072/783 2121/785 2051/786
f 2121/785 2194/779 2137/787
f 2121/785 2137/787 2051/786
f 2230/788 2194/779 2253/777
f 2230/788 2253/777 2302/778
f 2137/787 2194/779 2185/789
f 2185/789 2194/779 2230/788
f 2230/788 2302/778 2266/790
f 2230/788 2266/790 2185/789
f 2266/790 2302/778 2301/791
f 2137/787 2185/789 2083/792
f 2137/787 2083/792 2051/786
f 2185/789 2266/790 2245/793
f 2245/793 2266/790 2301/791
f 2301/791 2302/778 2354/794
f 2354/794 2302/778 2356/775
f 2245/793 2301/791 2296/795
f 2354/794 2356/775 2351/796
f 2301/791 2354/794 2349/797
f 2349/797 2354/794 2351/796
f 2301/791 2349/797 2296/795
f 2351/796 2356/775 2353/798
f 2205/799 2185/789 2245/793
f 2205/799 2245/793 2296/795
f 2185/789 2205/799 2119/800
f 2185/789 2119/800 2083/792
f 2205/799 2296/795 2252/801
f 2119/800 2205/799 2172/802
f 2172/802 2205/799 2252/801
f 2252/801 2296/795 2308/803
f 2172/802 2252/801 2196/804
f 2196/804 2252/801 2308/803
f 2119/800 2172/802 2059/805
f 2172/802 2196/804 2096/806
f 2172/802 2096/806 2059/805
f 2036/807 2083/792 2119/800
f 2036/807 2119/800 2059/805
f 2083/792 2036/807 2021/808
f 2083/792 2021/808 2051/786
f 2036/807 2059/805 2010/809
f 2059/805 2096/806 2035/810
f 2059/805 2035/810 2010/809
f 2021/808 2036/807 1994/811
f 1994/811 2036/807 2010/809
f 2051/786 2021/808 2011/812
f 2021/808 1994/811 1983/813
f 2021/808 1983/813 2011/812
f 2051/786 2011/812 2001/814
f 2051/786 2001/814 2072/783
f 2011/812 1983/813 1976/815
f 2011/812 1976/815 2001/814
f 2072/783 2001/814 1995/784
f 1976/815 1983/813 1975/816
f 1975/816 1983/813 1994/811
f 2001/814 1976/815 1965/817
f 2001/814 1965/817 1995/784
f 1976/815 1975/816 1966/818
f 1976/815 1966/818 1965/817
f 1975/816 1994/811 1982/819
f 1982/819 1994/811 2010/809
f 1975/816 1982/819 1954/820
f 1954/820 1982/819 1953/821
f 1966/818 1975/816 1956/822
f 1966/818 1956/822 1945/823
f 1966/818 1945/823 1946/824
f 1953/821 1982/819 1993/825
f 1993/825 1982/819 2010/809
f 1953/821 1993/825 1963/826
f 1993/825 2010/809 2000/827
f 1993/825 2000/827 1963/826
f 1963/826 2000/827 1962/828
f 1962/828 2000/827 1972/829
f 2000/827 2010/809 2035/810
f 1972/829 2000/827 2034/830
f 2034/830 2000/827 2035/810
f 2034/830 2035/810 2075/831
f 2075/831 2035/810 2096/806
f 2034/830 2075/831 2114/832
f 2034/830 2114/832 2070/833
f 2070/833 2114/832 2180/834
f 2114/832 2075/831 2181/835
f 2114/832 2181/835 2228/836
f 2228/836 2181/835 2265/837
f 2075/831 2096/806 2136/838
f 2075/831 2136/838 2181/835
f 2136/838 2096/806 2196/804
f 2265/837 2181/835 2229/839
f 2229/839 2181/835 2136/838
f 2229/839 2136/838 2196/804
f 2265/837 2229/839 2295/840
f 2229/839 2196/804 2308/803
f 2229/839 2308/803 2295/840
f 2295/840 2308/803 2300/841
f 2300/841 2308/803 2310/842
f 2310/842 2308/803 2345/843
f 2345/843 2308/803 2325/844
f 2325/844 2308/803 2296/795
f 2325/844 2296/795 2349/797
f 2325/844 2349/797 2347/845
f 2325/844 2347/845 2345/843
f 2347/845 2349/797 2351/796
f 2310/842 2345/843 2342/846
f 2310/842 2342/846 2340/847
f 2345/843 2347/845 2343/848
f 2345/843 2343/848 2342/846
f 2340/847 2342/846 2366/849
f 2366/849 2342/846 2343/848
f 2340/847 2366/849 2365/850
s 0
f 2343/848 2347/845 2341/851
s 1
f 2343/848 2341/851 2366/849
s 0
f 2341/851 2347/845 2351/796
f 2341/851 2351/796 2339/852
s 1
f 2341/851 2339/852 2366/849
s 0
f 2339/852 2351/796 2353/798
s 1
f 2365/850 2366/849 2338/853
f 2338/853 2366/849 2339/852
f 2365/850 2338/853 2363/854
s 0
f 2339/852 2353/798 2337/855
f 2339/852 2337/855 2338/853
f 2337/855 2353/798 2352/856
s 1
f 2363/854 2338/853 2364/857
f 2364/857 2338/853 2337/855
f 2363/854 2364/857 2370/858
s 0
f 2337/855 2352/856 2336/859
s 1
f 2337/855 2336/859 2364/857
f 2370/858 2364/857 2362/860
f 2362/860 2364/857 2336/859
f 2370/858 2362/860 2369/861
s 0
f 2336/859 2352/856 2350/862
s 1
f 2350/862 2352/856 2355/863
f 2362/860 2336/859 2335/864
s 0
f 2335/864 2336/859 2350/862
s 1
f 2369/861 2362/860 2361/865
f 2361/865 2362/860 2335/864
f 2369/861 2361/865 2357/866
s 0
f 2335/864 2350/862 2348/867
s 1
f 2348/867 2350/862 2355/863
s 0
f 2361/865 2335/864 2333/868
f 2333/868 2335/864 2348/867
f 2357/866 2361/865 2360/869
s 1
f 2360/869 2361/865 2333/868
f 2357/866 2360/869 2359/870
f 2359/870 2360/869 2358/871
f 2348/867 2355/863 2326/872
f 2326/872 2355/863 2313/873
f 2313/873 2355/863 2314/762
f 2314/762 2355/863 2367/764
f 2348/867 2326/872 2346/874
f 2348/867 2346/874 2333/868
f 2346/874 2326/872 2312/875
f 2346/874 2312/875 2311/876
f 2332/877 2360/869 2333/868
f 2332/877 2333/868 2346/874
f 2360/869 2332/877 2358/871
f 2346/874 2311/876 2344/878
f 2346/874 2344/878 2332/877
f 2344/878 2311/876 2324/879
f 2358/871 2332/877 2331/880
f 2331/880 2332/877 2344/878
f 2331/880 2344/878 2324/879
f 2358/871 2331/880 2327/881
f 2331/880 2324/879 2323/882
f 2331/880 2323/882 2327/881
f 1948/883 1935/719 1941/724
f 1935/719 1948/883 1932/884
f 1932/884 1948/883 1934/885
f 1932/884 1934/885 1899/886
f 1899/886 1934/885 1940/887
f 1940/887 1934/885 1948/883
f 1948/883 1941/724 1947/888
f 1947/888 1941/724 1939/732
f 1940/887 1948/883 1958/889
f 1947/888 1939/732 2042/751
f 1940/887 1958/889 1946/824
f 1948/883 1947/888 1957/890
f 1948/883 1957/890 1958/889
f 1947/888 2042/751 2052/891
f 2052/891 2042/751 2154/752
f 2052/891 2154/752 2139/759
f 1947/888 2052/891 1985/892
f 1985/892 2052/891 2139/759
f 1947/888 1985/892 1957/890
f 1985/892 2139/759 2077/782
f 1985/892 2077/782 1984/893
f 1985/892 1984/893 1957/890
f 1984/893 2077/782 1995/784
f 1957/890 1984/893 1967/894
f 1967/894 1984/893 1995/784
f 1957/890 1967/894 1958/889
f 1967/894 1995/784 1965/817
f 1958/889 1967/894 1968/895
f 1968/895 1967/894 1965/817
f 1958/889 1968/895 1946/824
f 1968/895 1965/817 1966/818
f 1968/895 1966/818 1946/824
f 697/896 699/897 713/898
f 697/896 713/898 700/899
f 713/898 699/897 705/900
f 713/898 705/900 723/901
f 723/901 705/900 711/902
f 723/901 711/902 733/903
f 733/903 711/902 731/904
f 731/904 711/902 710/905
f 731/904 710/905 721/906
f 731/904 721/906 740/907
f 722/908 732/909 749/910
f 722/908 749/910 750/911
f 749/910 732/909 760/912
f 760/912 732/909 730/913
f 750/911 749/910 835/914
f 835/914 749/910 760/912
f 817/915 712/916 750/911
f 817/915 750/911 902/917
f 902/917 750/911 835/914
f 817/915 902/917 917/918
f 917/918 902/917 970/919
f 766/920 760/912 730/913
f 766/920 730/913 741/921
f 970/919 902/917 962/922
f 970/919 962/922 1004/923
f 962/922 902/917 949/924
f 949/924 902/917 835/914
f 1004/923 962/922 1009/925
f 1009/925 962/922 949/924
f 1004/923 1009/925 1033/926
f 766/920 741/921 776/927
f 776/927 741/921 748/928
f 766/920 776/927 816/929
f 1033/926 1009/925 1040/930
f 1033/926 1040/930 1046/931
f 1040/930 1009/925 996/932
f 996/932 1009/925 949/924
f 776/927 748/928 786/933
f 776/927 786/933 816/929
f 786/933 748/928 759/934
f 759/934 748/928 740/935
f 640/936 719/937 740/935
f 740/935 719/937 747/938
f 740/935 747/938 759/934
f 747/938 719/937 718/939
f 759/934 747/938 775/940
f 747/938 718/939 758/941
f 747/938 758/941 775/940
f 758/941 718/939 728/942
f 728/942 718/939 636/943
f 758/941 728/942 765/944
f 758/941 765/944 775/940
f 765/944 728/942 727/945
f 765/944 727/945 737/946
f 765/944 737/946 799/947
f 775/940 765/944 800/948
f 800/948 765/944 799/947
f 801/949 759/934 775/940
f 759/934 801/949 786/933
f 775/940 800/948 824/950
f 775/940 824/950 801/949
f 800/948 799/947 833/951
f 786/933 801/949 848/952
f 824/950 800/948 859/953
f 859/953 800/948 833/951
f 801/949 824/950 882/954
f 801/949 882/954 848/952
f 786/933 848/952 816/929
f 882/954 824/950 935/955
f 935/955 824/950 859/953
f 848/952 882/954 948/956
f 816/929 848/952 900/957
f 900/957 848/952 948/956
f 882/954 935/955 968/958
f 882/954 968/958 948/956
f 935/955 859/953 959/959
f 968/958 935/955 1015/960
f 1015/960 935/955 959/959
f 959/959 859/953 899/961
f 899/961 859/953 833/951
f 1015/960 959/959 1071/962
f 968/958 1015/960 1059/963
f 1059/963 1015/960 1071/962
f 959/959 899/961 992/964
f 959/959 992/964 1071/962
f 899/961 833/951 944/965
f 899/961 944/965 992/964
f 944/965 833/951 877/966
f 877/966 833/951 799/947
f 877/966 799/947 829/967
f 877/966 829/967 943/968
f 943/968 829/967 889/969
f 943/968 889/969 983/970
f 877/966 943/968 991/971
f 991/971 943/968 983/970
f 877/966 991/971 944/965
f 991/971 983/970 1044/972
f 944/965 991/971 1028/973
f 1028/973 991/971 1044/972
f 944/965 1028/973 992/964
f 1028/973 1044/972 1058/974
f 1028/973 1058/974 992/964
f 1058/974 1044/972 1063/975
f 992/964 1058/974 1071/962
f 1071/962 1058/974 1063/975
f 1071/962 1063/975 1074/976
f 1071/962 1074/976 1102/977
f 1071/962 1102/977 1103/978
f 1102/977 1074/976 1099/979
f 1071/962 1103/978 1059/963
f 1099/979 1074/976 1097/980
f 1059/963 1103/978 1118/981
f 1099/979 1097/980 1114/982
f 1114/982 1097/980 1112/983
f 1099/979 1114/982 1101/984
f 1059/963 1118/981 1064/985
f 1064/985 1118/981 1122/986
f 1059/963 1064/985 1008/987
f 1059/963 1008/987 968/958
f 1064/985 1122/986 1065/988
f 968/958 1008/987 948/956
f 1065/988 1122/986 1124/989
f 1008/987 1064/985 1029/990
f 1008/987 1029/990 948/956
f 1029/990 1064/985 1065/988
f 948/956 1029/990 993/991
f 993/991 1029/990 1065/988
f 948/956 993/991 957/992
f 1065/988 1124/989 1072/993
f 1072/993 1124/989 1133/994
f 993/991 1065/988 1016/995
f 1016/995 1065/988 1072/993
f 993/991 1016/995 957/992
f 1072/993 1133/994 1080/996
f 948/956 957/992 900/957
f 1079/997 1080/996 1132/998
f 1080/996 1079/997 1040/930
f 1072/993 1080/996 1031/999
f 1031/999 1080/996 1040/930
f 1072/993 1031/999 1016/995
f 1031/999 1040/930 996/932
f 1016/995 1031/999 980/1000
f 980/1000 1031/999 996/932
f 1016/995 980/1000 957/992
f 980/1000 996/932 949/924
f 957/992 980/1000 927/1001
f 927/1001 980/1000 949/924
f 884/1002 900/957 957/992
f 884/1002 957/992 927/1001
f 900/957 884/1002 816/929
f 927/1001 949/924 870/1003
f 870/1003 949/924 835/914
f 870/1003 835/914 760/912
f 927/1001 870/1003 831/1004
f 831/1004 870/1003 760/912
f 927/1001 831/1004 884/1002
f 884/1002 831/1004 816/929
f 831/1004 760/912 766/920
f 831/1004 766/920 816/929
f 711/1005 643/1006 654/1007
f 711/1005 654/1007 710/1008
f 710/1008 654/1007 642/1009
f 710/1008 642/1009 721/1010
f 721/1010 642/1009 641/1011
f 721/1010 641/1011 740/1012
f 740/1012 641/1011 640/1013
f 1671/1014 1651/125 1710/126
f 1651/125 1671/1014 1612/1015
f 1671/1014 1710/126 1709/1016
f 1709/1016 1710/126 1810/143
f 1671/1014 1709/1016 1716/1017
f 1671/1014 1716/1017 1692/1018
f 1709/1016 1810/143 1809/1019
f 1709/1016 1809/1019 1716/1017
f 1809/1019 1810/143 1876/140
f 1809/1019 1876/140 1875/1020
f 1692/1018 1716/1017 1724/1021
f 1809/1019 1875/1020 1808/1022
f 1809/1019 1808/1022 1716/1017
f 1716/1017 1808/1022 1724/1021
f 1808/1022 1875/1020 1873/1023
f 1692/1018 1724/1021 1707/1024
f 1808/1022 1873/1023 1807/1025
f 1808/1022 1807/1025 1724/1021
f 1807/1025 1873/1023 1871/1026
f 1807/1025 1871/1026 1806/1027
f 1807/1025 1806/1027 1724/1021
f 1806/1027 1871/1026 1870/1028
f 1707/1024 1724/1021 1723/1029
f 1723/1029 1724/1021 1806/1027
f 1723/1029 1806/1027 1805/1030
f 1707/1024 1723/1029 1706/1031
f 1706/1031 1723/1029 1715/1032
f 1227/1033 1323/1034 1225/1035
f 1227/1033 1225/1035 89/1036
f 1225/1035 1323/1034 1322/1037
f 1322/1037 1323/1034 1521/1038
f 89/1036 1225/1035 88/1039
f 89/1036 88/1039 286/1040
f 1225/1035 1322/1037 1223/1041
f 1225/1035 1223/1041 88/1039
f 1322/1037 1521/1038 1534/1042
f 286/1040 88/1039 299/1043
f 1223/1041 1322/1037 1321/1044
f 1321/1044 1322/1037 1534/1042
f 88/1039 1223/1041 87/1045
f 88/1039 87/1045 299/1043
f 1223/1041 1321/1044 1221/1046
f 1223/1041 1221/1046 87/1045
f 1321/1044 1534/1042 1531/1047
f 1221/1046 1321/1044 1320/1048
f 1320/1048 1321/1044 1531/1047
s 0
f 1221/1046 1320/1048 1218/1049
s 1
f 87/1045 1221/1046 86/1050
s 0
f 86/1050 1221/1046 1218/1049
s 1
f 87/1045 86/1050 296/1051
f 87/1045 296/1051 299/1043
f 86/1050 1218/1049 85/1052
f 86/1050 85/1052 296/1051
f 1218/1049 1320/1048 1319/1053
f 1319/1053 1320/1048 1531/1047
f 85/1052 1218/1049 1216/1054
f 1216/1054 1218/1049 1319/1053
f 296/1051 85/1052 284/1055
f 85/1052 1216/1054 84/1056
f 85/1052 84/1056 284/1055
f 84/1056 1216/1054 1213/1057
f 1216/1054 1319/1053 1318/1058
f 1216/1054 1318/1058 1213/1057
f 1519/1059 1319/1053 1531/1047
f 1319/1053 1519/1059 1318/1058
f 1519/1059 1531/1047 1636/1060
f 284/1055 84/1056 276/1061
f 84/1056 1213/1057 79/1062
f 84/1056 79/1062 276/1061
f 1213/1057 1318/1058 1313/1063
f 1318/1058 1519/1059 1511/1064
f 1318/1058 1511/1064 1313/1063
s 0
f 1213/1057 1313/1063 1211/1065
f 1213/1057 1211/1065 79/1062
s 1
f 1313/1063 1511/1064 1498/1066
f 1511/1064 1519/1059 1626/1067
f 1626/1067 1519/1059 1636/1060
f 1511/1064 1626/1067 1611/1068
f 1511/1064 1611/1068 1498/1066
f 1626/1067 1636/1060 1669/1069
f 1626/1067 1669/1069 1647/1070
f 1626/1067 1647/1070 1611/1068
f 1669/1069 1636/1060 1679/1071
f 1611/1068 1647/1070 1625/1072
f 1679/1071 1636/1060 1649/1073
f 1649/1073 1636/1060 1531/1047
f 1679/1071 1649/1073 1706/1074
f 1649/1073 1531/1047 1534/1042
f 1706/1074 1649/1073 1650/1075
f 1650/1075 1649/1073 1534/1042
f 1706/1074 1650/1075 1707/1076
f 1650/1075 1534/1042 1521/1038
f 1707/1076 1650/1075 1637/1077
f 1637/1077 1650/1075 1521/1038
f 1591/1078 1611/1068 1625/1072
f 1611/1068 1591/1078 1498/1066
f 1591/1078 1625/1072 1598/1079
f 1498/1066 1591/1078 1476/1080
f 1598/1079 1625/1072 1640/1081
f 1591/1078 1598/1079 1544/1082
f 1591/1078 1544/1082 1476/1080
f 1498/1066 1476/1080 1306/1083
f 1498/1066 1306/1083 1313/1063
s 0
f 1313/1063 1306/1083 1211/1065
s 1
f 1306/1083 1476/1080 1296/1084
s 0
f 1211/1065 1306/1083 1135/1085
f 1135/1085 1306/1083 1296/1084
s 1
f 1296/1084 1476/1080 1451/1086
f 1451/1086 1476/1080 1544/1082
f 1451/1086 1544/1082 1503/1087
f 1503/1087 1544/1082 1598/1079
f 1296/1084 1451/1086 1287/1088
f 1287/1088 1451/1086 1503/1087
s 0
f 1135/1085 1296/1084 1138/1089
s 1
f 1138/1089 1296/1084 1287/1088
s 0
f 71/1090 1211/1065 1135/1085
f 1211/1065 71/1090 79/1062
f 1135/1085 1138/1089 61/1091
f 1135/1085 61/1091 71/1090
s 1
f 79/1062 71/1090 263/1092
f 79/1062 263/1092 276/1061
f 71/1090 61/1091 241/1093
f 71/1090 241/1093 263/1092
f 61/1091 1138/1089 52/1094
f 241/1093 61/1091 217/1095
f 217/1095 61/1091 52/1094
f 52/1094 1138/1089 1143/1096
f 1143/1096 1138/1089 1287/1088
f 217/1095 52/1094 268/1097
f 241/1093 217/1095 309/1098
f 309/1098 217/1095 268/1097
f 356/1099 263/1092 241/1093
f 356/1099 241/1093 309/1098
f 263/1092 356/1099 376/1100
f 263/1092 376/1100 276/1061
f 376/1100 356/1099 390/1101
f 356/1099 309/1098 362/1102
f 356/1099 362/1102 390/1101
f 362/1102 309/1098 268/1097
f 376/1100 390/1101 412/1103
f 276/1061 376/1100 391/1104
f 391/1104 376/1100 412/1103
f 276/1061 391/1104 284/1055
f 391/1104 412/1103 433/1105
f 284/1055 391/1104 401/1106
f 401/1106 391/1104 433/1105
f 284/1055 401/1106 296/1051
f 401/1106 433/1105 444/1107
f 296/1051 401/1106 414/1108
f 414/1108 401/1106 444/1107
f 296/1051 414/1108 299/1043
f 414/1108 444/1107 471/1109
f 299/1043 414/1108 415/1110
f 415/1110 414/1108 471/1109
f 299/1043 415/1110 286/1040
f 415/1110 471/1109 472/1111
f 286/1040 415/1110 402/1112
f 402/1112 415/1110 472/1111
f 204/1113 300/1114 251/1115
f 204/1113 251/1115 1226/1116
f 204/1113 1226/1116 72/1117
f 1226/1116 251/1115 163/1118
f 163/1118 251/1115 243/1119
f 163/1118 243/1119 225/1120
f 1226/1116 163/1118 1224/1121
f 163/1118 225/1120 154/1122
f 163/1118 154/1122 1224/1121
f 1226/1116 1224/1121 1398/1123
f 1226/1116 1398/1123 1486/1124
f 1486/1124 1398/1123 1478/1125
f 1478/1125 1398/1123 1459/1126
f 1398/1123 1224/1121 1389/1127
f 1398/1123 1389/1127 1459/1126
f 1224/1121 154/1122 1222/1128
f 1224/1121 1222/1128 1389/1127
f 1459/1126 1389/1127 1388/1129
f 1388/1129 1389/1127 1222/1128
f 1459/1126 1388/1129 1448/1130
f 1448/1130 1388/1129 1381/1131
f 1381/1131 1388/1129 1270/1132
f 1270/1132 1388/1129 1222/1128
f 1448/1130 1381/1131 1380/1133
f 1380/1133 1381/1131 1270/1132
f 1448/1130 1380/1133 1447/1134
f 1448/1130 1447/1134 1485/1135
f 1485/1135 1447/1134 1484/1136
f 1484/1136 1447/1134 1477/1137
f 1484/1136 1477/1137 1573/1138
f 1573/1138 1477/1137 1691/1139
f 1691/1139 1477/1137 1582/1140
f 1477/1137 1447/1134 1387/1141
f 1387/1141 1447/1134 1380/1133
f 1477/1137 1387/1141 1280/1142
f 1477/1137 1280/1142 1408/1143
f 1408/1143 1280/1142 1263/1144
f 1263/1144 1280/1142 1215/1145
f 1387/1141 1380/1133 1269/1146
f 1269/1146 1380/1133 1270/1132
f 1280/1142 1387/1141 1264/1147
f 1264/1147 1387/1141 1269/1146
f 1215/1145 1280/1142 1217/1148
f 1217/1148 1280/1142 1264/1147
f 1215/1145 1217/1148 45/1149
f 1215/1145 45/1149 30/1150
f 30/1150 45/1149 173/1151
f 1264/1147 1269/1146 1219/1152
f 1264/1147 1219/1152 1217/1148
f 1220/1153 1269/1146 1270/1132
f 1269/1146 1220/1153 1219/1152
f 1220/1153 1270/1132 1222/1128
f 1217/1148 1219/1152 31/1154
f 1217/1148 31/1154 45/1149
f 1219/1152 1220/1153 36/1155
f 1219/1152 36/1155 31/1154
f 1220/1153 1222/1128 37/1156
f 1220/1153 37/1156 36/1155
f 45/1149 31/1154 152/1157
f 152/1157 31/1154 36/1155
f 242/1158 173/1151 45/1149
f 242/1158 45/1149 152/1157
f 173/1151 242/1158 348/1159
f 152/1157 36/1155 146/1160
f 146/1160 36/1155 37/1156
f 152/1157 146/1160 213/1161
f 152/1157 213/1161 242/1158
f 146/1160 37/1156 147/1162
f 348/1159 242/1158 456/1163
f 348/1159 456/1163 443/1164
f 443/1164 456/1163 607/1165
f 456/1163 242/1158 338/1166
f 338/1166 242/1158 249/1167
f 249/1167 242/1158 213/1161
f 249/1167 213/1161 250/1168
f 250/1168 213/1161 214/1169
f 214/1169 213/1161 146/1160
f 214/1169 146/1160 147/1162
f 250/1168 214/1169 225/1120
f 214/1169 147/1162 153/1170
f 214/1169 153/1170 225/1120
f 153/1170 147/1162 37/1156
f 225/1120 153/1170 154/1122
f 153/1170 37/1156 1222/1128
f 153/1170 1222/1128 154/1122
f 638/1171 636/1172 718/1173
f 638/1171 718/1173 719/1174
f 638/1171 719/1174 640/1175
f 1963/1176 1962/1177 1870/1178
f 1870/1178 1962/1177 1869/1179
f 1869/1179 1962/1177 1972/1180
f 1870/1178 1869/1179 1805/1181
f 1870/1178 1805/1181 1806/1182
f 1805/1181 1869/1179 1866/1183
f 1866/1183 1869/1179 1972/1180
f 1805/1181 1866/1183 1796/1184
f 1796/1184 1866/1183 1795/1185
f 1866/1183 1972/1180 1992/1186
f 1992/1186 1972/1180 2034/1187
f 1992/1186 2034/1187 2070/1188
f 1866/1183 1992/1186 1865/1189
f 1866/1183 1865/1189 1795/1185
f 1992/1186 2070/1188 2029/1190
f 1992/1186 2029/1190 1865/1189
f 1795/1185 1865/1189 1847/1191
f 1847/1191 1865/1189 2029/1190
f 1795/1185 1847/1191 1780/1192
f 2029/1190 2070/1188 2126/1193
f 2126/1193 2070/1188 2180/1194
f 1847/1191 2029/1190 1938/1195
f 1938/1195 2029/1190 2126/1193
f 1938/1195 2126/1193 1929/1196
f 1938/1195 1929/1196 1847/1191
f 1929/1196 2126/1193 2032/1197
f 1929/1196 2032/1197 1924/1198
f 1847/1191 1929/1196 1804/1199
f 1847/1191 1804/1199 1780/1192
f 1929/1196 1924/1198 1782/1200
f 1929/1196 1782/1200 1804/1199
f 1780/1192 1804/1199 1739/1201
f 1739/1201 1804/1199 1782/1200
f 1780/1192 1739/1201 1668/1202
f 1668/1202 1739/1201 1640/1081
f 1640/1081 1739/1201 1782/1200
f 1782/1200 1924/1198 1783/1203
f 1782/1200 1783/1203 1640/1081
f 1783/1203 1924/1198 1879/1204
f 1640/1081 1783/1203 1605/1205
f 1640/1081 1605/1205 1598/1079
f 1605/1205 1783/1203 1696/1206
f 1598/1079 1605/1205 1503/1087
f 1605/1205 1696/1206 1560/1207
f 1605/1205 1560/1207 1503/1087
f 1560/1207 1696/1206 1522/1208
f 1522/1208 1696/1206 1621/1209
f 1522/1208 1621/1209 1505/1210
f 1560/1207 1522/1208 1469/1211
f 1560/1207 1469/1211 1503/1087
f 1522/1208 1505/1210 1453/1212
f 1522/1208 1453/1212 1469/1211
f 1503/1087 1469/1211 1286/1213
f 1503/1087 1286/1213 1287/1088
f 1287/1088 1286/1213 1143/1096
f 1286/1213 1469/1211 1282/1214
f 1282/1214 1469/1211 1453/1212
f 1143/1096 1286/1213 1152/1215
f 1152/1215 1286/1213 1282/1214
f 1143/1096 1152/1215 51/1216
f 1143/1096 51/1216 52/1094
f 52/1094 51/1216 268/1097
f 51/1216 1152/1215 47/1217
f 268/1097 51/1216 234/1218
f 234/1218 51/1216 47/1217
f 47/1217 1152/1215 1158/1219
f 1158/1219 1152/1215 1282/1214
f 1158/1219 1282/1214 1277/1220
f 1277/1220 1282/1214 1453/1212
f 47/1217 1158/1219 42/1221
f 1277/1220 1453/1212 1432/1222
f 1432/1222 1453/1212 1505/1210
f 1432/1222 1505/1210 1480/1223
f 1158/1219 1277/1220 1160/1224
f 1158/1219 1160/1224 42/1221
f 1277/1220 1432/1222 1272/1225
f 1277/1220 1272/1225 1160/1224
f 1432/1222 1480/1223 1418/1226
f 1432/1222 1418/1226 1272/1225
f 1418/1226 1480/1223 1462/1227
f 1418/1226 1462/1227 1410/1228
f 1410/1228 1462/1227 1442/1229
f 1272/1225 1418/1226 1267/1230
f 1267/1230 1418/1226 1410/1228
f 1161/1231 1160/1224 1272/1225
f 1161/1231 1272/1225 1267/1230
f 1410/1228 1442/1229 1401/1232
f 1401/1232 1442/1229 1426/1233
f 1267/1230 1410/1228 1259/1234
f 1259/1234 1410/1228 1401/1232
f 1161/1231 1267/1230 1164/1235
f 1164/1235 1267/1230 1259/1234
f 38/1236 1160/1224 1161/1231
f 1160/1224 38/1236 42/1221
f 1161/1231 1164/1235 34/1237
f 1161/1231 34/1237 38/1236
f 1164/1235 1259/1234 1166/1238
f 1260/1239 1259/1234 1401/1232
f 1259/1234 1260/1239 1166/1238
f 1383/1240 1401/1232 1426/1233
f 1401/1232 1383/1240 1260/1239
f 1383/1240 1426/1233 1412/1241
f 1444/1242 1412/1241 1464/1243
f 1412/1241 1444/1242 1402/1244
f 1412/1241 1402/1244 1375/1245
f 1412/1241 1375/1245 1383/1240
f 1375/1245 1402/1244 1354/1246
s 0
f 1260/1239 1383/1240 1256/1247
s 1
f 1256/1247 1383/1240 1375/1245
f 1375/1245 1354/1246 1248/1248
f 1375/1245 1248/1248 1256/1247
f 1248/1248 1354/1246 1249/1249
f 1248/1248 1249/1249 1172/1250
f 1256/1247 1248/1248 1170/1251
f 1170/1251 1248/1248 1172/1250
f 1260/1239 1256/1247 1169/1252
f 1169/1252 1256/1247 1170/1251
f 1260/1239 1169/1252 1166/1238
f 1170/1251 1172/1250 15/1253
f 15/1253 1172/1250 16/1254
f 15/1253 16/1254 120/1255
f 1170/1251 15/1253 23/1256
f 1170/1251 23/1256 1169/1252
f 15/1253 120/1255 141/1257
f 15/1253 141/1257 23/1256
f 141/1257 120/1255 167/1258
f 1169/1252 23/1256 27/1259
f 1169/1252 27/1259 1166/1238
f 23/1256 141/1257 148/1260
s 0
f 23/1256 148/1260 27/1259
s 1
f 141/1257 167/1258 177/1261
f 141/1257 177/1261 148/1260
f 177/1261 167/1258 210/1262
f 177/1261 210/1262 230/1263
f 148/1260 177/1261 191/1264
f 148/1260 191/1264 166/1265
f 148/1260 166/1265 27/1259
f 166/1265 191/1264 208/1266
f 26/1267 1166/1238 27/1259
f 26/1267 27/1259 166/1265
f 1166/1238 26/1267 1164/1235
f 1164/1235 26/1267 34/1237
f 26/1267 166/1265 175/1268
f 175/1268 166/1265 208/1266
f 26/1267 175/1268 34/1237
f 175/1268 208/1266 228/1269
f 34/1237 175/1268 183/1270
f 183/1270 175/1268 228/1269
f 34/1237 183/1270 38/1236
f 183/1270 228/1269 245/1271
f 38/1236 183/1270 197/1272
f 197/1272 183/1270 245/1271
f 38/1236 197/1272 42/1221
f 197/1272 245/1271 270/1273
f 42/1221 197/1272 219/1274
f 219/1274 197/1272 270/1273
f 42/1221 219/1274 47/1217
f 47/1217 219/1274 234/1218
f 219/1274 270/1273 287/1275
f 219/1274 287/1275 234/1218
f 287/1275 270/1273 386/1276
f 287/1275 386/1276 461/1277
f 234/1218 287/1275 325/1278
f 325/1278 287/1275 461/1277
f 234/1218 325/1278 268/1097
f 325/1278 461/1277 370/1279
f 325/1278 370/1279 268/1097
f 268/1097 370/1279 362/1102
f 370/1279 461/1277 548/1280
f 362/1102 370/1279 405/1281
f 405/1281 370/1279 548/1280
f 362/1102 405/1281 390/1101
f 689/1282 548/1280 644/1283
f 405/1281 548/1280 547/1284
f 547/1284 548/1280 689/1282
f 405/1281 547/1284 504/1285
f 405/1281 504/1285 432/1286
f 432/1286 504/1285 545/1287
f 547/1284 689/1282 694/1288
f 504/1285 547/1284 569/1289
f 504/1285 569/1289 545/1287
f 569/1289 547/1284 694/1288
f 545/1287 569/1289 612/1290
f 612/1290 569/1289 694/1288
f 694/1288 689/1282 797/1291
f 545/1287 612/1290 560/1292
f 612/1290 694/1288 703/1293
f 694/1288 797/1291 889/1294
f 694/1288 889/1294 703/1293
f 889/1294 797/1291 897/1295
f 703/1293 889/1294 794/1296
f 703/1293 794/1296 612/1290
f 794/1296 889/1294 829/1297
f 630/1298 560/1292 612/1290
f 630/1298 612/1290 794/1296
f 794/1296 829/1297 757/1299
f 794/1296 757/1299 630/1298
f 757/1299 829/1297 799/1300
f 757/1299 799/1300 737/1301
f 630/1298 757/1299 631/1302
f 630/1298 631/1302 560/1292
f 631/1302 757/1299 737/1301
f 560/1292 631/1302 561/1303
f 561/1303 631/1302 570/1304
f 631/1302 737/1301 634/1305
f 634/1305 737/1301 727/1306
f 634/1305 727/1306 635/1307
f 635/1307 727/1306 728/1308
f 1706/1309 1715/1310 1679/1311
f 1679/1311 1715/1310 1705/1312
f 1705/1312 1715/1310 1796/1313
f 1796/1313 1715/1310 1805/1314
f 1805/1314 1715/1310 1723/1315
f 635/1316 728/1317 636/1318
f 2367/1319 2355/1320 2352/1321
f 2367/1319 2352/1321 2368/1322
f 2368/1322 2352/1321 2353/1323
f 1133/1324 1124/1325 1121/1326
f 1121/1326 1124/1325 1106/1327
f 1133/1324 1121/1326 1120/1328
f 1133/1324 1120/1328 1132/1329
f 1133/1330 1132/1331 1080/1332
f 2353/1333 2356/1334 2368/1335
f 1120/1336 1123/1337 1132/1338
f 1106/1339 1124/1340 1122/1341
f 1106/1339 1122/1341 1118/1342
f 1106/1339 1118/1342 1104/1343
f 1104/1343 1118/1342 1103/1344
f 1705/1345 1796/1346 1795/1347
f 1705/1348 1795/1349 1690/1350
f 1705/1348 1690/1350 1669/1351
f 1669/1351 1690/1350 1647/1352
f 1647/1352 1690/1350 1668/1353
f 1668/1353 1690/1350 1780/1354
f 1647/1352 1668/1353 1625/1355
f 1625/1355 1668/1353 1640/1356
f 1705/1357 1669/1358 1679/1359
f 1691/1360 1582/1361 1678/1362
f 1691/1360 1678/1362 1842/1363
f 1842/1363 1678/1362 1999/1364
f 1408/1365 1582/1361 1477/1366
f 1582/1361 1408/1365 1678/1362
f 1999/1364 1678/1362 1833/1367
f 1999/1364 1833/1367 1852/1368
f 1999/1364 1852/1368 2113/1369
f 1833/1367 1678/1362 1689/1370
f 1833/1367 1689/1370 1852/1368
f 1678/1362 1408/1365 1458/1371
f 1678/1362 1458/1371 1689/1370
f 1458/1371 1408/1365 1329/1372
f 1329/1372 1408/1365 1263/1373
f 1689/1370 1458/1371 1540/1374
f 1852/1368 1689/1370 1704/1375
f 1704/1375 1689/1370 1540/1374
f 1540/1374 1458/1371 1406/1376
f 1406/1376 1458/1371 1329/1372
f 1704/1375 1540/1374 1502/1377
f 1502/1377 1540/1374 1406/1376
f 1406/1376 1329/1372 1274/1378
f 1502/1377 1406/1376 1352/1379
f 1352/1379 1406/1376 1274/1378
f 1704/1375 1502/1377 1632/1380
f 1799/1381 1852/1368 1704/1375
f 1799/1381 1704/1375 1632/1380
f 1632/1380 1502/1377 1461/1382
f 1461/1382 1502/1377 1352/1379
f 1799/1381 1632/1380 1750/1383
f 1852/1368 1799/1381 1903/1384
f 1852/1368 1903/1384 2113/1369
f 2113/1369 1903/1384 2043/1385
f 2113/1369 2043/1385 2176/1386
f 2043/1385 1903/1384 2002/1387
f 2043/1385 2002/1387 2176/1386
f 1903/1384 1799/1381 1860/1388
f 1860/1388 1799/1381 1750/1383
f 1903/1384 1860/1388 2002/1387
f 2176/1386 2002/1387 2141/1389
f 2176/1386 2141/1389 2222/1390
f 2222/1390 2141/1389 2187/1391
f 2141/1389 2002/1387 2084/1392
f 2141/1389 2084/1392 2187/1391
f 2187/1391 2084/1392 2127/1393
f 2187/1391 2127/1393 2189/1394
f 2084/1392 2002/1387 1950/1395
f 1950/1395 2002/1387 1860/1388
f 2127/1393 2084/1392 2038/1396
f 2038/1396 2084/1392 1950/1395
f 2127/1393 2038/1396 2078/1397
f 2078/1397 2038/1396 1996/1398
f 2038/1396 1950/1395 1927/1399
f 2038/1396 1927/1399 1996/1398
f 1950/1395 1860/1388 1838/1400
f 1950/1395 1838/1400 1927/1399
f 1838/1400 1860/1388 1750/1383
f 1996/1398 1927/1399 1892/1401
f 1927/1399 1838/1400 1824/1402
f 1927/1399 1824/1402 1892/1401
f 1838/1400 1750/1383 1720/1403
f 1838/1400 1720/1403 1824/1402
f 1720/1403 1750/1383 1599/1404
f 1599/1404 1750/1383 1632/1380
f 1599/1404 1632/1380 1461/1382
f 1996/1398 1892/1401 1861/1405
f 1996/1398 1861/1405 1959/1406
f 1861/1405 1892/1401 1769/1407
f 1959/1406 1861/1405 1839/1408
f 1959/1406 1839/1408 1919/1409
f 1919/1409 1839/1408 1698/1410
f 1919/1409 1698/1410 1792/1411
f 1698/1410 1839/1408 1622/1412
f 1622/1412 1839/1408 1743/1413
f 1861/1405 1769/1407 1743/1413
f 1622/1412 1743/1413 1545/1414
f 1545/1414 1743/1413 1620/1415
f 1620/1415 1743/1413 1769/1407
f 1545/1414 1620/1415 1452/1416
f 1452/1416 1620/1415 1488/1417
f 1452/1416 1488/1417 1374/1418
f 1374/1418 1488/1417 1392/1419
f 1374/1418 1392/1419 1291/1420
f 1291/1420 1392/1419 1290/1421
f 1291/1420 1290/1421 1150/1422
f 1150/1422 1290/1421 1144/1423
f 1150/1422 1144/1423 55/1424
f 1150/1422 55/1424 56/1425
f 56/1425 55/1424 157/1426
f 56/1425 157/1426 140/1427
f 140/1427 157/1426 253/1428
f 140/1427 253/1428 218/1429
f 218/1429 253/1428 385/1430
f 218/1429 385/1430 310/1431
f 310/1431 385/1430 508/1432
f 310/1431 508/1432 387/1433
f 508/1432 385/1430 534/1434
f 387/1433 508/1432 604/1435
f 387/1433 604/1435 463/1436
f 463/1436 604/1435 684/1437
f 463/1436 684/1437 557/1438
f 684/1437 604/1435 724/1439
f 724/1439 604/1435 626/1440
f 508/1432 534/1434 626/1440
f 724/1439 626/1440 761/1441
f 626/1440 534/1434 657/1442
f 626/1440 657/1442 761/1441
f 657/1442 534/1434 556/1443
f 836/1444 761/1441 803/1445
f 556/1443 534/1434 427/1446
f 427/1446 534/1434 406/1447
f 761/1441 657/1442 692/1448
f 761/1441 692/1448 803/1445
f 657/1442 556/1443 589/1449
f 657/1442 589/1449 692/1448
f 556/1443 427/1446 451/1450
f 556/1443 451/1450 589/1449
f 427/1446 406/1447 279/1451
f 279/1451 406/1447 269/1452
f 451/1450 427/1446 301/1453
f 301/1453 427/1446 279/1451
f 279/1451 269/1452 165/1454
f 165/1454 269/1452 156/1455
f 301/1453 279/1451 172/1456
f 172/1456 279/1451 165/1454
f 451/1450 301/1453 324/1457
f 165/1454 156/1455 53/1458
f 53/1458 156/1455 54/1459
f 172/1456 165/1454 62/1460
f 62/1460 165/1454 53/1458
f 301/1453 172/1456 182/1461
f 301/1453 182/1461 324/1457
f 172/1456 62/1460 69/1462
f 172/1456 69/1462 182/1461
f 53/1458 54/1459 1141/1463
f 1141/1463 54/1459 1142/1464
f 1141/1463 1142/1464 1289/1465
f 53/1458 1141/1463 1140/1466
f 53/1458 1140/1466 62/1460
f 1141/1463 1289/1465 1288/1467
f 1141/1463 1288/1467 1140/1466
f 1288/1467 1289/1465 1391/1468
f 62/1460 1140/1466 1139/1469
f 62/1460 1139/1469 69/1462
f 1140/1466 1288/1467 1297/1470
f 1140/1466 1297/1470 1139/1469
f 1288/1467 1391/1468 1400/1471
f 1288/1467 1400/1471 1297/1470
f 1400/1471 1391/1468 1504/1472
f 1400/1471 1504/1472 1514/1473
f 1514/1473 1504/1472 1641/1474
f 1297/1470 1400/1471 1407/1475
f 1407/1475 1400/1471 1514/1473
f 1304/1476 1139/1469 1297/1470
f 1304/1476 1297/1470 1407/1475
f 1139/1469 1304/1476 1137/1477
f 1139/1469 1137/1477 69/1462
f 1304/1476 1407/1475 1417/1478
f 69/1462 1137/1477 75/1479
f 69/1462 75/1479 182/1461
f 1137/1477 1304/1476 1309/1480
f 1309/1480 1304/1476 1417/1478
f 75/1479 1137/1477 1136/1481
f 1136/1481 1137/1477 1309/1480
f 182/1461 75/1479 196/1482
f 182/1461 196/1482 324/1457
f 196/1482 75/1479 91/1483
f 91/1483 75/1479 1136/1481
f 324/1457 196/1482 363/1484
f 196/1482 91/1483 227/1485
f 196/1482 227/1485 363/1484
f 324/1457 363/1484 485/1486
f 324/1457 485/1486 451/1450
f 451/1450 485/1486 589/1449
f 589/1449 485/1486 603/1487
f 589/1449 603/1487 692/1448
f 485/1486 363/1484 515/1488
f 485/1486 515/1488 603/1487
f 397/1489 363/1484 227/1485
f 363/1484 397/1489 515/1488
f 692/1448 603/1487 715/1490
f 692/1448 715/1490 803/1445
f 803/1445 715/1490 849/1491
f 715/1490 603/1487 625/1492
f 625/1492 603/1487 515/1488
f 849/1491 715/1490 767/1493
f 767/1493 715/1490 625/1492
f 849/1491 767/1493 904/1494
f 904/1494 767/1493 939/1495
f 904/1494 939/1495 985/1496
f 939/1495 767/1493 808/1497
f 939/1495 808/1497 876/1498
f 808/1497 767/1493 668/1499
f 808/1497 668/1499 876/1498
f 668/1499 767/1493 625/1492
f 876/1498 668/1499 617/1500
f 668/1499 625/1492 564/1501
f 564/1501 625/1492 515/1488
f 668/1499 564/1501 617/1500
f 564/1501 515/1488 397/1489
f 876/1498 617/1500 764/1502
f 764/1502 617/1500 598/1503
f 617/1500 564/1501 469/1504
f 469/1504 564/1501 397/1489
f 598/1503 617/1500 454/1505
f 454/1505 617/1500 469/1504
f 764/1502 598/1503 443/1506
f 443/1506 598/1503 454/1505
f 764/1502 443/1506 607/1507
f 469/1504 397/1489 267/1508
f 267/1508 397/1489 227/1485
f 454/1505 469/1504 305/1509
f 305/1509 469/1504 267/1508
f 443/1506 454/1505 224/1510
f 224/1510 454/1505 305/1509
f 443/1506 224/1510 173/1511
f 443/1506 173/1511 348/1512
f 224/1510 305/1509 171/1513
f 171/1513 305/1509 267/1508
f 173/1511 224/1510 95/1514
f 95/1514 224/1510 171/1513
f 173/1511 95/1514 30/1515
f 171/1513 267/1508 118/1516
f 118/1516 267/1508 227/1485
f 118/1516 227/1485 91/1483
f 171/1513 118/1516 40/1517
f 171/1513 40/1517 95/1514
f 118/1516 91/1483 14/1518
f 118/1516 14/1518 40/1517
f 14/1518 91/1483 1136/1481
f 95/1514 40/1517 21/1519
f 95/1514 21/1519 30/1515
f 40/1517 14/1518 1210/1520
f 1210/1520 14/1518 1136/1481
f 21/1519 40/1517 1212/1521
f 1212/1521 40/1517 1210/1520
f 30/1515 21/1519 1214/1522
f 1214/1522 21/1519 1212/1521
f 30/1515 1214/1522 1215/1523
f 1215/1523 1214/1522 1263/1373
f 1263/1373 1214/1522 1254/1524
f 1254/1524 1214/1522 1212/1521
f 1263/1373 1254/1524 1329/1372
f 1329/1372 1254/1524 1274/1378
f 1274/1378 1254/1524 1212/1521
f 1274/1378 1212/1521 1210/1520
f 1274/1378 1210/1520 1247/1525
f 1247/1525 1210/1520 1136/1481
f 1274/1378 1247/1525 1352/1379
f 1247/1525 1136/1481 1325/1526
f 1247/1525 1325/1526 1352/1379
f 1325/1526 1136/1481 1309/1480
f 1352/1379 1325/1526 1461/1382
f 1325/1526 1309/1480 1431/1527
f 1325/1526 1431/1527 1461/1382
f 1431/1527 1309/1480 1417/1478
f 1461/1382 1431/1527 1599/1404
f 1599/1404 1431/1527 1559/1528
f 1559/1528 1431/1527 1417/1478
f 1599/1404 1559/1528 1720/1403
f 1559/1528 1417/1478 1536/1529
f 1536/1529 1417/1478 1407/1475
f 1536/1529 1407/1475 1514/1473
f 1720/1403 1559/1528 1686/1530
f 1686/1530 1559/1528 1536/1529
f 1720/1403 1686/1530 1824/1402
f 1536/1529 1514/1473 1663/1531
f 1536/1529 1663/1531 1686/1530
f 1663/1531 1514/1473 1641/1474
f 1824/1402 1686/1530 1791/1532
f 1791/1532 1686/1530 1663/1531
f 1824/1402 1791/1532 1892/1401
f 1892/1401 1791/1532 1769/1407
f 1769/1407 1791/1532 1663/1531
f 1769/1407 1663/1531 1641/1474
f 1769/1407 1641/1474 1620/1415
f 412/1533 390/1534 432/1535
f 432/1535 390/1534 405/1536
f 2310/1537 2340/1538 2300/1539
f 2300/1539 2340/1538 2299/1540
f 2300/1539 2299/1540 2281/1541
f 2300/1539 2281/1541 2295/1542
f 2295/1542 2281/1541 2265/1543
f 2265/1543 2281/1541 2228/1544
f 2228/1544 2281/1541 2220/1545
f 2228/1544 2220/1545 2180/1546
f 2180/1546 2220/1545 2126/1547
f 2220/1545 2281/1541 2243/1548
f 2243/1548 2281/1541 2299/1540
f 2126/1547 2220/1545 2134/1549
f 2126/1547 2134/1549 2032/1550
f 2220/1545 2243/1548 2179/1551
f 2220/1545 2179/1551 2134/1549
f 2243/1548 2299/1540 2264/1552
f 2032/1550 2134/1549 2009/1553
f 2032/1550 2009/1553 1924/1554
f 1924/1554 2009/1553 1879/1555
f 2009/1553 2134/1549 2069/1556
f 2069/1556 2134/1549 2179/1551
f 1879/1555 2009/1553 1949/1557
f 1949/1557 2009/1553 2069/1556
f 2211/1558 2179/1551 2243/1548
f 2211/1558 2243/1548 2264/1552
f 2069/1556 2179/1551 2108/1559
f 2108/1559 2179/1551 2211/1558
f 1949/1557 2069/1556 2013/1560
f 2013/1560 2069/1556 2108/1559
f 1849/1561 1879/1555 1949/1557
f 1949/1557 2013/1560 1918/1562
f 1949/1557 1918/1562 1849/1561
f 1918/1562 2013/1560 1977/1563
f 1977/1563 2013/1560 2108/1559
f 1879/1555 1849/1561 1790/1564
f 1879/1555 1790/1564 1783/1565
f 1783/1565 1790/1564 1696/1566
f 1790/1564 1849/1561 1770/1567
f 1790/1564 1770/1567 1696/1566
f 1835/1568 1849/1561 1918/1562
f 1849/1561 1835/1568 1770/1567
f 1835/1568 1918/1562 1880/1569
f 1880/1569 1918/1562 1977/1563
f 1770/1567 1835/1568 1761/1570
f 1761/1570 1835/1568 1880/1569
f 1696/1566 1770/1567 1697/1571
f 1697/1571 1770/1567 1761/1570
f 1696/1566 1697/1571 1621/1572
f 1761/1570 1880/1569 1802/1573
f 1880/1569 1977/1563 1933/1574
f 1880/1569 1933/1574 1802/1573
f 1697/1571 1761/1570 1699/1575
f 1699/1575 1761/1570 1802/1573
f 1621/1572 1697/1571 1633/1576
f 1633/1576 1697/1571 1699/1575
f 1621/1572 1633/1576 1576/1577
f 1621/1572 1576/1577 1505/1578
f 1505/1578 1576/1577 1480/1579
f 1576/1577 1633/1576 1600/1580
f 1600/1580 1633/1576 1699/1575
f 1480/1579 1576/1577 1547/1581
f 1547/1581 1576/1577 1600/1580
f 1480/1579 1547/1581 1462/1582
f 1600/1580 1699/1575 1643/1583
f 1643/1583 1699/1575 1802/1573
f 1547/1581 1600/1580 1569/1584
f 1569/1584 1600/1580 1643/1583
f 1462/1582 1547/1581 1523/1585
f 1523/1585 1547/1581 1569/1584
f 1462/1582 1523/1585 1442/1586
f 1442/1586 1523/1585 1489/1587
f 1442/1586 1489/1587 1426/1588
f 1523/1585 1569/1584 1515/1589
f 1523/1585 1515/1589 1489/1587
f 1569/1584 1643/1583 1606/1590
f 1569/1584 1606/1590 1515/1589
f 1606/1590 1643/1583 1727/1591
f 1727/1591 1643/1583 1802/1573
f 1426/1588 1489/1587 1464/1592
f 1426/1588 1464/1592 1412/1593
f 1489/1587 1515/1589 1491/1594
f 1489/1587 1491/1594 1464/1592
f 1515/1589 1606/1590 1548/1595
f 1515/1589 1548/1595 1491/1594
f 1606/1590 1727/1591 1645/1596
f 1606/1590 1645/1596 1548/1595
f 1464/1592 1491/1594 1465/1597
f 1464/1592 1465/1597 1444/1598
f 1491/1594 1548/1595 1506/1599
f 1491/1594 1506/1599 1465/1597
f 1548/1595 1645/1596 1646/1600
f 1548/1595 1646/1600 1506/1599
f 1745/1601 1645/1596 1727/1591
f 1645/1596 1745/1601 1646/1600
f 1830/1602 1727/1591 1802/1573
f 1727/1591 1830/1602 1745/1601
f 1830/1602 1802/1573 1933/1574
f 1745/1601 1830/1602 1850/1603
f 1850/1603 1830/1602 1933/1574
f 1579/1604 1506/1599 1646/1600
f 1506/1599 1579/1604 1465/1597
f 1579/1604 1646/1600 1664/1605
f 1465/1597 1579/1604 1588/1606
f 1588/1606 1579/1604 1664/1605
f 1721/1607 1646/1600 1745/1601
f 1646/1600 1721/1607 1664/1605
f 1793/1608 1745/1601 1850/1603
f 1745/1601 1793/1608 1721/1607
f 1793/1608 1850/1603 1883/1609
f 1721/1607 1793/1608 1825/1610
f 1825/1610 1793/1608 1883/1609
f 1664/1605 1721/1607 1751/1611
f 1751/1611 1721/1607 1825/1610
f 1664/1605 1751/1611 1736/1612
f 1676/1613 1588/1606 1664/1605
f 1676/1613 1664/1605 1736/1612
s 0
f 1736/1612 1751/1611 1784/1614
s 1
f 1676/1613 1736/1612 1763/1615
f 1763/1615 1736/1612 1784/1614
f 1751/1611 1825/1610 1827/1616
f 1751/1611 1827/1616 1784/1614
f 1784/1614 1827/1616 1815/1617
f 1784/1614 1815/1617 1763/1615
f 1827/1616 1825/1610 1856/1618
f 1815/1617 1827/1616 1851/1619
f 1851/1619 1827/1616 1856/1618
f 1856/1618 1825/1610 1913/1620
f 1913/1620 1825/1610 1883/1609
f 1851/1619 1856/1618 1906/1621
f 1906/1621 1856/1618 1913/1620
f 1815/1617 1851/1619 1884/1622
f 1851/1619 1906/1621 1937/1623
f 1851/1619 1937/1623 1884/1622
f 1815/1617 1884/1622 1836/1624
f 1815/1617 1836/1624 1763/1615
f 1884/1622 1937/1623 1960/1625
f 1836/1624 1884/1622 1915/1626
f 1915/1626 1884/1622 1960/1625
f 1960/1625 1937/1623 2022/1627
f 1998/1628 1937/1623 1906/1621
f 1937/1623 1998/1628 2022/1627
f 1998/1628 1906/1621 1952/1629
f 1952/1629 1906/1621 1913/1620
f 2022/1627 1998/1628 2079/1630
f 1952/1629 1913/1620 1951/1631
f 1951/1631 1913/1620 1883/1609
f 1998/1628 1952/1629 2045/1632
f 1998/1628 2045/1632 2079/1630
f 1952/1629 1951/1631 2004/1633
f 1952/1629 2004/1633 2045/1632
s 0
f 1951/1631 1883/1609 2003/1634
s 1
f 1951/1631 2003/1634 2004/1633
s 0
f 2003/1634 1883/1609 1997/1635
s 1
f 1997/1635 1883/1609 1850/1603
f 1997/1635 1850/1603 1933/1574
f 2004/1633 2003/1634 2053/1636
f 2045/1632 2004/1633 2099/1637
f 2099/1637 2004/1633 2053/1636
f 2045/1632 2099/1637 2142/1638
f 2045/1632 2142/1638 2079/1630
f 2099/1637 2053/1636 2157/1639
s 0
f 2053/1636 2003/1634 2109/1640
f 2053/1636 2109/1640 2157/1639
f 2109/1640 2003/1634 1997/1635
s 1
f 2099/1637 2157/1639 2182/1641
f 2099/1637 2182/1641 2142/1638
f 2157/1639 2109/1640 2188/1642
f 2182/1641 2157/1639 2214/1643
s 0
f 2214/1643 2157/1639 2188/1642
f 2109/1640 1997/1635 2155/1644
f 2109/1640 2155/1644 2188/1642
s 1
f 2182/1641 2214/1643 2235/1645
f 2214/1643 2188/1642 2255/1646
f 2214/1643 2255/1646 2235/1645
f 2255/1646 2188/1642 2234/1647
s 0
f 2234/1647 2188/1642 2155/1644
s 1
f 2155/1644 1997/1635 2085/1648
f 2085/1648 1997/1635 2039/1649
f 2039/1649 1997/1635 1933/1574
f 2039/1649 1933/1574 1977/1563
f 2039/1649 1977/1563 2108/1559
f 2085/1648 2039/1649 2140/1650
f 2140/1650 2039/1649 2108/1559
f 2085/1648 2140/1650 2155/1644
f 2140/1650 2108/1559 2211/1558
f 2155/1644 2140/1650 2208/1651
f 2208/1651 2140/1650 2211/1558
f 2155/1644 2208/1651 2234/1647
f 2208/1651 2211/1558 2264/1552
f 2234/1647 2208/1651 2275/1652
f 2275/1652 2208/1651 2264/1552
f 2234/1647 2275/1652 2288/1653
f 2234/1647 2288/1653 2255/1646
f 2275/1652 2264/1552 2322/1654
f 2322/1654 2264/1552 2299/1540
f 2322/1654 2299/1540 2340/1538
f 2322/1654 2340/1538 2365/1655
f 2275/1652 2322/1654 2321/1656
f 2321/1656 2322/1654 2365/1655
f 2275/1652 2321/1656 2288/1653
f 2321/1656 2365/1655 2363/1657
f 2291/1658 2255/1646 2288/1653
f 2321/1656 2363/1657 2334/1659
f 2321/1656 2334/1659 2288/1653
f 2288/1653 2334/1659 2291/1658
f 2334/1659 2363/1657 2370/1660
f 2255/1646 2291/1658 2235/1645
f 2334/1659 2370/1660 2304/1661
f 2334/1659 2304/1661 2291/1658
f 2235/1645 2291/1658 2278/1662
f 2278/1662 2291/1658 2304/1661
f 2235/1645 2278/1662 2256/1663
f 2304/1661 2370/1660 2317/1664
f 2317/1664 2370/1660 2369/1665
f 2317/1664 2369/1665 2329/1666
f 2278/1662 2304/1661 2292/1667
f 2292/1667 2304/1661 2317/1664
f 2278/1662 2292/1667 2256/1663
f 2317/1664 2329/1666 2298/1668
f 2317/1664 2298/1668 2292/1667
f 2298/1668 2329/1666 2305/1669
f 2305/1669 2329/1666 2330/1670
f 2292/1667 2298/1668 2273/1671
f 2292/1667 2273/1671 2256/1663
f 2298/1668 2305/1669 2279/1672
f 2298/1668 2279/1672 2273/1671
f 2279/1672 2305/1669 2287/1673
f 2279/1672 2287/1673 2249/1674
f 2273/1671 2279/1672 2237/1675
f 2237/1675 2279/1672 2249/1674
f 2256/1663 2273/1671 2224/1676
f 2224/1676 2273/1671 2237/1675
f 2256/1663 2224/1676 2209/1677
f 2256/1663 2209/1677 2235/1645
f 2235/1645 2209/1677 2182/1641
f 2182/1641 2209/1677 2142/1638
f 2142/1638 2209/1677 2173/1678
f 2173/1678 2209/1677 2224/1676
f 2142/1638 2173/1678 2079/1630
f 2224/1676 2237/1675 2191/1679
f 2224/1676 2191/1679 2173/1678
f 2079/1630 2173/1678 2116/1680
f 2116/1680 2173/1678 2191/1679
s 0
f 2079/1630 2116/1680 2022/1627
s 1
f 2191/1679 2237/1675 2210/1681
f 2210/1681 2237/1675 2249/1674
f 2210/1681 2249/1674 2216/1682
f 2191/1679 2210/1681 2143/1683
f 2191/1679 2143/1683 2116/1680
s 0
f 2022/1627 2116/1680 2054/1684
s 1
f 2054/1684 2116/1680 2143/1683
f 2022/1627 2054/1684 1960/1625
f 2143/1683 2210/1681 2166/1685
f 2166/1685 2210/1681 2216/1682
f 2054/1684 2143/1683 2080/1686
f 2080/1686 2143/1683 2166/1685
f 1960/1625 2054/1684 1988/1687
f 1988/1687 2054/1684 2080/1686
f 1960/1625 1988/1687 1915/1626
f 2166/1685 2216/1682 2178/1688
f 2178/1688 2216/1682 2227/1689
f 2227/1689 2216/1682 2257/1690
f 2227/1689 2257/1690 2263/1691
f 2166/1685 2178/1688 2101/1692
f 2166/1685 2101/1692 2080/1686
f 2101/1692 2178/1688 2118/1693
f 2101/1692 2118/1693 2041/1694
f 2080/1686 2101/1692 2023/1695
f 2023/1695 2101/1692 2041/1694
f 2080/1686 2023/1695 1988/1687
f 2023/1695 2041/1694 1943/1696
f 1988/1687 2023/1695 1928/1697
f 1928/1697 2023/1695 1943/1696
f 1988/1687 1928/1697 1915/1626
f 1943/1696 2041/1694 1971/1698
f 1915/1626 1928/1697 1843/1699
f 1915/1626 1843/1699 1836/1624
f 1928/1697 1943/1696 1863/1700
f 1928/1697 1863/1700 1843/1699
f 1943/1696 1971/1698 1886/1701
f 1943/1696 1886/1701 1863/1700
f 1886/1701 1971/1698 1916/1702
f 1979/1703 1923/1704 1916/1702
f 1916/1702 1923/1704 1841/1705
f 1886/1701 1916/1702 1832/1706
f 1832/1706 1916/1702 1841/1705
f 1863/1700 1886/1701 1817/1707
f 1817/1707 1886/1701 1832/1706
f 1863/1700 1817/1707 1800/1708
f 1863/1700 1800/1708 1843/1699
f 1817/1707 1832/1706 1737/1709
f 1785/1710 1836/1624 1843/1699
f 1785/1710 1843/1699 1800/1708
f 1836/1624 1785/1710 1763/1615
f 1800/1708 1817/1707 1732/1711
f 1732/1711 1817/1707 1737/1709
f 1785/1710 1800/1708 1722/1712
f 1722/1712 1800/1708 1732/1711
f 1763/1615 1785/1710 1700/1713
f 1700/1713 1785/1710 1722/1712
f 1763/1615 1700/1713 1676/1613
f 1676/1613 1700/1713 1608/1714
f 1676/1613 1608/1714 1588/1606
f 1700/1713 1722/1712 1635/1715
f 1700/1713 1635/1715 1608/1714
f 1722/1712 1732/1711 1658/1716
f 1722/1712 1658/1716 1635/1715
f 1658/1716 1732/1711 1665/1717
f 1665/1717 1732/1711 1737/1709
f 1588/1606 1608/1714 1494/1718
f 1588/1606 1494/1718 1465/1597
f 1608/1714 1635/1715 1526/1719
f 1608/1714 1526/1719 1494/1718
f 1635/1715 1658/1716 1571/1720
f 1635/1715 1571/1720 1526/1719
f 1658/1716 1665/1717 1589/1721
f 1658/1716 1589/1721 1571/1720
f 1465/1597 1494/1718 1445/1722
f 1465/1597 1445/1722 1444/1598
f 1444/1598 1445/1722 1427/1723
f 1445/1722 1494/1718 1422/1724
f 1445/1722 1422/1724 1427/1723
f 1422/1724 1494/1718 1526/1719
f 1427/1723 1422/1724 1414/1725
f 1414/1725 1422/1724 1404/1726
f 1422/1724 1526/1719 1456/1727
f 1422/1724 1456/1727 1404/1726
f 1456/1727 1526/1719 1571/1720
f 1404/1726 1456/1727 1396/1728
f 1456/1727 1571/1720 1475/1729
f 1456/1727 1475/1729 1396/1728
f 1475/1729 1571/1720 1589/1721
f 1351/1730 1357/1731 1396/1728
f 1351/1730 1396/1728 1378/1732
f 1396/1728 1475/1729 1497/1733
f 1497/1733 1475/1729 1589/1721
f 1378/1732 1396/1728 1424/1734
f 1424/1734 1396/1728 1497/1733
f 1378/1732 1424/1734 1429/1735
f 1378/1732 1429/1735 1369/1736
f 1424/1734 1497/1733 1517/1737
f 1424/1734 1517/1737 1429/1735
f 1497/1733 1589/1721 1603/1738
f 1497/1733 1603/1738 1517/1737
f 1603/1738 1589/1721 1665/1717
f 1603/1738 1665/1717 1666/1739
f 1666/1739 1665/1717 1737/1709
f 1517/1737 1603/1738 1610/1740
f 1610/1740 1603/1738 1666/1739
f 1528/1741 1429/1735 1517/1737
f 1528/1741 1517/1737 1610/1740
f 1437/1742 1369/1736 1429/1735
f 1437/1742 1429/1735 1528/1741
f 1369/1736 1437/1742 1370/1743
f 1370/1743 1437/1742 1438/1744
f 1438/1744 1437/1742 1529/1745
f 1529/1745 1437/1742 1528/1741
f 1529/1745 1528/1741 1618/1746
f 1618/1746 1528/1741 1610/1740
f 1618/1746 1610/1740 1688/1747
f 1688/1747 1610/1740 1666/1739
f 1688/1747 1666/1739 1737/1709
f 1688/1747 1737/1709 1752/1748
f 1752/1748 1737/1709 1832/1706
f 1752/1748 1832/1706 1841/1705
f 1688/1747 1752/1748 1703/1749
f 1688/1747 1703/1749 1617/1750
f 1703/1749 1752/1748 1779/1751
f 1779/1751 1752/1748 1841/1705
f 1779/1751 1841/1705 1787/1752
f 1779/1751 1787/1752 1702/1753
f 2324/1754 2239/1755 2323/1756
f 2323/1756 2239/1755 2250/1757
f 2250/1757 2239/1755 2212/1758
f 2323/1756 2250/1757 2280/1759
f 2323/1756 2280/1759 2327/1760
f 2228/1761 2180/1762 2114/1763
f 1780/1764 1690/1765 1795/1766
f 1908/1767 1842/1768 1999/1769
f 1044/1770 983/1771 1006/1772
f 1044/1770 1006/1772 1062/1773
f 1044/1770 1062/1773 1063/1774
f 1063/1774 1062/1773 1097/1775
f 1063/1774 1097/1775 1074/1776
f 1097/1775 1062/1773 1094/1777
f 1097/1775 1094/1777 1112/1778
f 1062/1773 1006/1772 1027/1779
f 1062/1773 1027/1779 1094/1777
f 1112/1778 1094/1777 1091/1780
f 1112/1778 1091/1780 1131/1781
f 1094/1777 1027/1779 1038/1782
f 1094/1777 1038/1782 1091/1780
f 1027/1779 1006/1772 974/1783
f 1131/1781 1091/1780 1109/1784
f 1038/1782 1027/1779 971/1785
f 971/1785 1027/1779 974/1783
f 1131/1781 1109/1784 1130/1786
f 1091/1780 1038/1782 1051/1787
f 1091/1780 1051/1787 1109/1784
f 1038/1782 971/1785 997/1788
f 1038/1782 997/1788 1051/1787
f 997/1788 971/1785 918/1789
f 971/1785 974/1783 903/1790
f 971/1785 903/1790 918/1789
f 903/1790 974/1783 871/1791
f 942/1792 974/1783 1006/1772
f 974/1783 942/1792 871/1791
f 942/1792 1006/1772 983/1771
f 942/1792 983/1771 897/1793
f 897/1793 983/1771 889/1794
f 942/1792 897/1793 828/1795
f 942/1792 828/1795 871/1791
f 828/1795 897/1793 774/1796
f 774/1796 897/1793 797/1797
f 774/1796 797/1797 689/1798
f 774/1796 689/1798 644/1799
f 828/1795 774/1796 714/1800
f 714/1800 774/1796 644/1799
f 871/1791 828/1795 778/1801
f 778/1801 828/1795 714/1800
f 871/1791 778/1801 742/1802
f 778/1801 714/1800 683/1803
f 778/1801 683/1803 742/1802
f 714/1800 644/1799 614/1804
f 714/1800 614/1804 683/1803
f 614/1804 644/1799 555/1805
f 555/1805 644/1799 548/1806
f 555/1805 548/1806 461/1807
f 614/1804 555/1805 535/1808
f 535/1808 555/1805 461/1807
f 683/1803 614/1804 600/1809
f 600/1809 614/1804 535/1808
f 683/1803 600/1809 645/1810
f 683/1803 645/1810 742/1802
f 600/1809 535/1808 526/1811
f 600/1809 526/1811 645/1810
f 535/1808 461/1807 462/1812
f 535/1808 462/1812 526/1811
f 462/1812 461/1807 386/1813
f 645/1810 526/1811 567/1814
f 742/1802 645/1810 698/1815
f 698/1815 645/1810 567/1814
f 526/1811 462/1812 464/1816
f 526/1811 464/1816 567/1814
f 462/1812 386/1813 398/1817
f 462/1812 398/1817 464/1816
f 398/1817 386/1813 342/1818
f 342/1818 386/1813 270/1819
f 342/1818 270/1819 245/1820
f 398/1817 342/1818 364/1821
f 398/1817 364/1821 464/1816
f 342/1818 245/1820 312/1822
f 342/1818 312/1822 364/1821
f 312/1822 245/1820 228/1823
f 464/1816 364/1821 408/1824
f 464/1816 408/1824 567/1814
f 364/1821 312/1822 334/1825
f 364/1821 334/1825 408/1824
f 334/1825 312/1822 288/1826
f 208/1827 288/1826 228/1823
f 288/1826 208/1827 254/1828
f 254/1828 208/1827 191/1829
f 334/1825 288/1826 280/1830
f 280/1830 288/1826 254/1828
f 254/1828 191/1829 230/1831
f 230/1831 191/1829 177/1832
f 280/1830 254/1828 256/1833
f 256/1833 254/1828 230/1831
f 334/1825 280/1830 371/1834
f 334/1825 371/1834 408/1824
f 280/1830 256/1833 313/1835
f 280/1830 313/1835 371/1834
f 256/1833 230/1831 231/1836
f 231/1836 230/1831 210/1837
f 313/1835 256/1833 271/1838
f 271/1838 256/1833 231/1836
f 408/1824 371/1834 492/1839
f 408/1824 492/1839 567/1814
f 371/1834 313/1835 410/1840
f 371/1834 410/1840 492/1839
f 313/1835 271/1838 411/1841
f 313/1835 411/1841 410/1840
f 492/1839 410/1840 510/1842
f 510/1842 410/1840 411/1841
f 567/1814 492/1839 595/1843
f 595/1843 492/1839 510/1842
f 567/1814 595/1843 698/1815
f 411/1841 271/1838 345/1844
f 345/1844 271/1838 231/1836
f 411/1841 345/1844 428/1845
f 698/1815 595/1843 615/1846
f 615/1846 595/1843 510/1842
f 345/1844 231/1836 353/1847
f 345/1844 353/1847 428/1845
f 486/1848 510/1842 411/1841
f 486/1848 411/1841 428/1845
f 615/1846 510/1842 558/1849
f 558/1849 510/1842 486/1848
f 615/1846 558/1849 648/1850
f 558/1849 486/1848 590/1851
f 558/1849 590/1851 648/1850
f 486/1848 428/1845 516/1852
f 486/1848 516/1852 590/1851
f 516/1852 428/1845 501/1853
f 501/1853 428/1845 441/1854
f 441/1854 428/1845 353/1847
s 0
f 516/1852 501/1853 549/1855
s 1
f 549/1855 501/1853 528/1856
f 528/1856 501/1853 441/1854
f 516/1852 549/1855 592/1857
f 516/1852 592/1857 590/1851
f 592/1857 549/1855 580/1858
f 580/1858 549/1855 528/1856
f 590/1851 592/1857 621/1859
f 592/1857 580/1858 616/1860
f 592/1857 616/1860 621/1859
f 590/1851 621/1859 678/1861
f 590/1851 678/1861 648/1850
f 621/1859 616/1860 671/1862
f 621/1859 671/1862 678/1861
f 616/1860 580/1858 649/1863
f 648/1850 678/1861 716/1864
f 678/1861 671/1862 717/1865
f 678/1861 717/1865 716/1864
f 671/1862 616/1860 702/1866
f 702/1866 616/1860 649/1863
f 717/1865 671/1862 763/1867
f 763/1867 671/1862 702/1866
f 716/1864 717/1865 769/1868
s 0
f 648/1850 716/1864 768/1869
s 1
f 768/1869 716/1864 769/1868
f 769/1868 717/1865 810/1870
f 810/1870 717/1865 763/1867
f 768/1869 769/1868 818/1871
s 0
f 648/1850 768/1869 762/1872
s 1
f 648/1850 762/1872 615/1846
f 615/1846 762/1872 698/1815
s 0
f 768/1869 818/1871 872/1873
f 768/1869 872/1873 762/1872
s 1
f 818/1871 769/1868 862/1874
f 862/1874 769/1868 810/1870
s 0
f 872/1873 818/1871 920/1875
s 1
f 920/1875 818/1871 862/1874
f 698/1815 762/1872 804/1876
f 698/1815 804/1876 742/1802
f 742/1802 804/1876 871/1791
f 871/1791 804/1876 903/1790
f 903/1790 804/1876 850/1877
f 850/1877 804/1876 762/1872
f 903/1790 850/1877 918/1789
f 918/1789 850/1877 762/1872
s 0
f 918/1789 762/1872 872/1873
f 918/1789 872/1873 951/1878
s 1
f 951/1878 872/1873 920/1875
s 0
f 918/1789 951/1878 997/1788
s 1
f 997/1788 951/1878 1018/1879
f 997/1788 1018/1879 1051/1787
s 0
f 951/1878 920/1875 977/1880
s 1
f 951/1878 977/1880 1018/1879
f 977/1880 920/1875 945/1881
f 1018/1879 977/1880 998/1882
f 998/1882 977/1880 945/1881
f 945/1881 920/1875 862/1874
f 1051/1787 1018/1879 1054/1883
f 1054/1883 1018/1879 998/1882
f 1051/1787 1054/1883 1109/1784
f 945/1881 862/1874 905/1884
f 905/1884 862/1874 810/1870
f 998/1882 945/1881 972/1885
f 972/1885 945/1881 905/1884
f 1109/1784 1054/1883 1067/1886
f 1109/1784 1067/1886 1130/1786
f 1054/1883 998/1882 1041/1887
f 1054/1883 1041/1887 1067/1886
f 998/1882 972/1885 1019/1888
f 998/1882 1019/1888 1041/1887
f 1067/1886 1041/1887 1055/1889
f 1055/1889 1041/1887 1019/1888
f 1130/1786 1067/1886 1082/1890
f 1082/1890 1067/1886 1055/1889
f 1130/1786 1082/1890 1128/1891
f 1128/1891 1082/1890 1083/1892
f 1128/1891 1083/1892 1125/1893
f 1082/1890 1055/1889 1061/1894
f 1082/1890 1061/1894 1083/1892
f 1055/1889 1019/1888 1036/1895
f 1055/1889 1036/1895 1061/1894
f 1083/1892 1061/1894 1068/1896
f 1125/1893 1083/1892 1084/1897
f 1084/1897 1083/1892 1068/1896
f 1125/1893 1084/1897 1126/1898
f 1126/1898 1084/1897 1085/1899
f 1085/1899 1084/1897 1069/1900
f 1068/1896 1061/1894 1042/1901
f 1042/1901 1061/1894 1036/1895
f 1068/1896 1042/1901 1050/1902
f 1050/1902 1042/1901 1012/1903
f 1012/1903 1042/1901 1000/1904
f 1000/1904 1042/1901 1036/1895
f 1012/1903 1000/1904 973/1905
f 1000/1904 1036/1895 987/1906
f 987/1906 1036/1895 1019/1888
f 987/1906 1019/1888 972/1885
f 1000/1904 987/1906 954/1907
f 1000/1904 954/1907 973/1905
f 987/1906 972/1885 936/1908
f 987/1906 936/1908 954/1907
f 936/1908 972/1885 905/1884
f 973/1905 954/1907 906/1909
f 936/1908 905/1884 838/1910
f 838/1910 905/1884 810/1870
f 838/1910 810/1870 763/1867
f 954/1907 936/1908 879/1911
f 879/1911 936/1908 838/1910
f 954/1907 879/1911 906/1909
f 838/1910 763/1867 787/1912
s 0
f 838/1910 787/1912 879/1911
s 1
f 787/1912 763/1867 702/1866
f 929/1913 973/1905 906/1909
f 787/1912 702/1866 725/1914
s 0
f 879/1911 787/1912 819/1915
s 1
f 879/1911 819/1915 906/1909
f 819/1915 787/1912 725/1914
f 725/1914 702/1866 649/1863
f 906/1909 819/1915 841/1916
f 906/1909 841/1916 929/1913
f 819/1915 725/1914 753/1917
f 819/1915 753/1917 841/1916
f 725/1914 649/1863 680/1918
f 725/1914 680/1918 753/1917
f 680/1918 649/1863 601/1919
f 601/1919 649/1863 580/1858
f 601/1919 580/1858 528/1856
f 680/1918 601/1919 608/1920
f 601/1919 528/1856 550/1921
f 601/1919 550/1921 608/1920
f 680/1918 608/1920 693/1922
f 680/1918 693/1922 753/1917
f 608/1920 550/1921 565/1923
f 550/1921 528/1856 465/1924
f 465/1924 528/1856 441/1854
f 753/1917 693/1922 788/1925
f 753/1917 788/1925 841/1916
f 693/1922 608/1920 628/1926
f 628/1926 608/1920 565/1923
f 788/1925 693/1922 708/1927
f 708/1927 693/1922 628/1926
f 788/1925 708/1927 806/1928
f 841/1916 788/1925 864/1929
f 864/1929 788/1925 806/1928
f 841/1916 864/1929 929/1913
f 864/1929 806/1928 881/1930
f 864/1929 881/1930 941/1931
f 864/1929 941/1931 929/1913
f 929/1913 941/1931 979/1932
f 979/1932 941/1931 990/1933
f 979/1932 990/1933 1020/1934
f 736/1935 806/1928 708/1927
f 736/1935 708/1927 651/1936
f 651/1936 708/1927 628/1926
f 736/1935 651/1936 681/1937
f 651/1936 628/1926 582/1938
f 681/1937 651/1936 597/1939
f 597/1939 651/1936 582/1938
f 681/1937 597/1939 606/1940
f 582/1938 628/1926 565/1923
f 606/1940 597/1939 517/1941
f 606/1940 517/1941 544/1942
f 544/1942 517/1941 468/1943
f 517/1941 597/1939 502/1944
f 502/1944 597/1939 582/1938
f 468/1943 517/1941 453/1945
f 453/1945 517/1941 502/1944
f 468/1943 453/1945 382/1946
f 453/1945 502/1944 430/1947
f 502/1944 582/1938 497/1948
f 497/1948 582/1938 565/1923
f 502/1944 497/1948 429/1949
f 453/1945 430/1947 375/1950
f 453/1945 375/1950 383/1951
f 383/1951 375/1950 293/1952
f 375/1950 430/1947 367/1953
f 293/1952 375/1950 282/1954
f 282/1954 375/1950 367/1953
f 293/1952 282/1954 194/1955
f 487/1956 497/1948 565/1923
f 487/1956 565/1923 550/1921
f 487/1956 550/1921 465/1924
f 497/1948 487/1956 422/1957
f 497/1948 422/1957 429/1949
f 487/1956 465/1924 400/1958
f 487/1956 400/1958 422/1957
f 400/1958 465/1924 373/1959
f 373/1959 465/1924 441/1854
f 373/1959 441/1854 353/1847
f 429/1949 422/1957 354/1960
f 429/1949 354/1960 367/1953
f 422/1957 400/1958 336/1961
f 422/1957 336/1961 354/1960
f 400/1958 373/1959 291/1962
f 400/1958 291/1962 336/1961
f 373/1959 353/1847 259/1963
f 373/1959 259/1963 291/1962
f 259/1963 353/1847 231/1836
f 262/1964 367/1953 354/1960
f 367/1953 262/1964 282/1954
f 240/1965 354/1960 336/1961
f 354/1960 240/1965 262/1964
f 282/1954 262/1964 189/1966
f 282/1954 189/1966 194/1955
f 262/1964 240/1965 161/1967
f 262/1964 161/1967 189/1966
f 240/1965 336/1961 222/1968
f 222/1968 336/1961 291/1962
f 240/1965 222/1968 161/1967
f 222/1968 291/1962 187/1969
f 187/1969 291/1962 259/1963
f 161/1967 222/1968 169/1970
f 169/1970 222/1968 187/1969
f 161/1967 169/1970 123/1971
f 169/1970 187/1969 179/1972
f 161/1967 123/1971 117/1973
f 179/1972 187/1969 192/1974
f 161/1967 117/1973 144/1975
f 161/1967 144/1975 189/1966
f 144/1975 117/1973 112/1976
f 189/1966 144/1975 194/1955
f 144/1975 112/1976 135/1977
f 144/1975 135/1977 194/1955
f 192/1974 187/1969 211/1978
f 211/1978 187/1969 259/1963
f 192/1974 211/1978 210/1837
f 211/1978 259/1963 231/1836
f 211/1978 231/1836 210/1837
f 1999/1979 2113/1980 2049/1981
f 2049/1981 2113/1980 2163/1982
f 2163/1982 2113/1980 2176/1983
f 2163/1982 2176/1983 2200/1984
f 2163/1982 2200/1984 2195/1985
f 2200/1984 2176/1983 2222/1986
f 2195/1985 2200/1984 2221/1987
f 2221/1987 2200/1984 2222/1986
f 2195/1985 2221/1987 2238/1988
f 2238/1988 2221/1987 2260/1989
f 2221/1987 2222/1986 2261/1990
f 2221/1987 2261/1990 2260/1989
f 2261/1990 2222/1986 2187/1991
f 2261/1990 2187/1991 2223/1992
f 2223/1992 2187/1991 2189/1993
f 2261/1990 2223/1992 2247/1994
f 2247/1994 2223/1992 2189/1993
f 2260/1989 2261/1990 2285/1995
f 2285/1995 2261/1990 2247/1994
f 2260/1989 2285/1995 2284/1996
f 2284/1996 2285/1995 2297/1997
f 2297/1997 2285/1995 2247/1994
f 2284/1996 2297/1997 2303/1998
f 2303/1998 2297/1997 2319/1999
f 2303/1998 2319/1999 2327/2000
f 2319/1999 2297/1997 2293/2001
f 2297/1997 2247/1994 2271/2002
f 2297/1997 2271/2002 2293/2001
f 2271/2002 2247/1994 2218/2003
f 2218/2003 2247/1994 2189/1993
f 2327/2000 2319/1999 2328/2004
f 2327/2000 2328/2004 2358/2005
f 2358/2005 2328/2004 2359/2006
f 2218/2003 2189/1993 2156/2007
f 2156/2007 2189/1993 2127/2008
f 2156/2007 2127/2008 2078/2009
f 2328/2004 2319/1999 2320/2010
f 2320/2010 2319/1999 2293/2001
f 2359/2006 2328/2004 2318/2011
f 2318/2011 2328/2004 2320/2010
f 2359/2006 2318/2011 2330/2012
f 2320/2010 2293/2001 2307/2013
f 2320/2010 2307/2013 2318/2011
f 2330/2012 2318/2011 2306/2014
f 2306/2014 2318/2011 2307/2013
f 2330/2012 2306/2014 2305/2015
f 2305/2015 2306/2014 2287/2016
f 2306/2014 2307/2013 2294/2017
f 2307/2013 2293/2001 2286/2018
f 2307/2013 2286/2018 2294/2017
f 2286/2018 2293/2001 2272/2019
f 2272/2019 2293/2001 2271/2002
f 2294/2017 2286/2018 2263/2020
f 2294/2017 2263/2020 2257/2021
f 2263/2020 2286/2018 2262/2022
f 2262/2022 2286/2018 2272/2019
f 2272/2019 2271/2002 2236/2023
f 2236/2023 2271/2002 2218/2003
f 2236/2023 2218/2003 2190/2024
f 2190/2024 2218/2003 2156/2007
f 2272/2019 2236/2023 2232/2025
f 2236/2023 2190/2024 2215/2026
f 2236/2023 2215/2026 2232/2025
f 2272/2019 2232/2025 2248/2027
f 2272/2019 2248/2027 2262/2022
f 2232/2025 2215/2026 2183/2028
f 2248/2027 2232/2025 2201/2029
f 2201/2029 2232/2025 2183/2028
f 2248/2027 2201/2029 2219/2030
f 2248/2027 2219/2030 2262/2022
f 2201/2029 2183/2028 2128/2031
f 2158/2032 2215/2026 2190/2024
f 2215/2026 2158/2032 2183/2028
f 2158/2032 2190/2024 2097/2033
f 2097/2033 2190/2024 2156/2007
f 2183/2028 2158/2032 2098/2034
f 2183/2028 2098/2034 2128/2031
f 2158/2032 2097/2033 2044/2035
f 2158/2032 2044/2035 2098/2034
f 2097/2033 2156/2007 2040/2036
f 2040/2036 2156/2007 2078/2009
f 2040/2036 2078/2009 1959/2037
f 1959/2037 2078/2009 1996/2038
f 2040/2036 1959/2037 1919/2039
f 2097/2033 2040/2036 1986/2040
f 1986/2040 2040/2036 1919/2039
f 2097/2033 1986/2040 2044/2035
f 1986/2040 1919/2039 1792/2041
f 2044/2035 1986/2040 1882/2042
f 2044/2035 1882/2042 1969/2043
f 2044/2035 1969/2043 2098/2034
f 2098/2034 1969/2043 2005/2044
f 2098/2034 2005/2044 2128/2031
f 2128/2031 2005/2044 2073/2045
f 2073/2045 2005/2044 1942/2046
f 2128/2031 2073/2045 2165/2047
f 2128/2031 2165/2047 2201/2029
f 2201/2029 2165/2047 2219/2030
f 2165/2047 2073/2045 2100/2048
f 2219/2030 2165/2047 2177/2049
f 2177/2049 2165/2047 2100/2048
f 2100/2048 2073/2045 2007/2050
f 2007/2050 2073/2045 1942/2046
f 2219/2030 2177/2049 2225/2051
f 2219/2030 2225/2051 2262/2022
f 2262/2022 2225/2051 2226/2052
f 2262/2022 2226/2052 2263/2020
f 2263/2020 2226/2052 2227/2053
f 2007/2050 1942/2046 1936/2054
f 1936/2054 1942/2046 1857/2055
f 1936/2054 1857/2055 1862/2056
f 2227/2053 2226/2052 2184/2057
f 2227/2053 2184/2057 2178/2058
f 2007/2050 1936/2054 2031/2059
f 2007/2050 2031/2059 2100/2048
f 1936/2054 1862/2056 1961/2060
f 1936/2054 1961/2060 2031/2059
f 2178/2058 2184/2057 2118/2061
f 2100/2048 2031/2059 2117/2062
f 2100/2048 2117/2062 2177/2049
f 2031/2059 1961/2060 2046/2063
f 2031/2059 2046/2063 2117/2062
f 2177/2049 2117/2062 2192/2064
f 2177/2049 2192/2064 2225/2051
f 2225/2051 2192/2064 2226/2052
f 2192/2064 2117/2062 2122/2065
f 2122/2065 2117/2062 2046/2063
f 2226/2052 2192/2064 2193/2066
f 2193/2066 2192/2064 2122/2065
f 2226/2052 2193/2066 2184/2057
f 2193/2066 2122/2065 2129/2067
f 2193/2066 2129/2067 2184/2057
f 2122/2065 2046/2063 2055/2068
f 2122/2065 2055/2068 2129/2067
f 2055/2068 2046/2063 1970/2069
f 1970/2069 2046/2063 1961/2060
f 2184/2057 2129/2067 2123/2070
s 0
f 2184/2057 2123/2070 2118/2061
s 1
f 2129/2067 2055/2068 2066/2071
f 2129/2067 2066/2071 2123/2070
f 2055/2068 1970/2069 1989/2072
f 2055/2068 1989/2072 2066/2071
f 1970/2069 1961/2060 1885/2073
f 1885/2073 1961/2060 1862/2056
f 1989/2072 1970/2069 1907/2074
f 1907/2074 1970/2069 1885/2073
f 2123/2070 2066/2071 2056/2075
f 2123/2070 2056/2075 2118/2061
f 2066/2071 1989/2072 1990/2076
f 2066/2071 1990/2076 2056/2075
f 1989/2072 1907/2074 1920/2077
f 1989/2072 1920/2077 1990/2076
f 2118/2061 2056/2075 2047/2078
f 2118/2061 2047/2078 2041/2079
f 2041/2079 2047/2078 1971/2080
f 2047/2078 2056/2075 1991/2081
f 1991/2081 2056/2075 1990/2076
f 1971/2080 2047/2078 1979/2082
f 1979/2082 2047/2078 1991/2081
f 1971/2080 1979/2082 1916/2083
f 1991/2081 1990/2076 1921/2084
f 1921/2084 1990/2076 1920/2077
f 1979/2082 1991/2081 1922/2085
f 1922/2085 1991/2081 1921/2084
f 1979/2082 1922/2085 1923/2086
f 1921/2084 1920/2077 1840/2087
f 1922/2085 1921/2084 1844/2088
f 1844/2088 1921/2084 1840/2087
f 1840/2087 1920/2077 1831/2089
f 1831/2089 1920/2077 1907/2074
f 1923/2086 1922/2085 1845/2090
f 1845/2090 1922/2085 1844/2088
f 1923/2086 1845/2090 1846/2091
f 1923/2086 1846/2091 1841/2092
f 1841/2092 1846/2091 1787/2093
f 1846/2091 1845/2090 1786/2094
f 1846/2091 1786/2094 1787/2093
f 1845/2090 1844/2088 1778/2095
f 1845/2090 1778/2095 1786/2094
f 1778/2095 1844/2088 1765/2096
f 1765/2096 1844/2088 1840/2087
f 1787/2093 1786/2094 1701/2097
f 1786/2094 1778/2095 1677/2098
f 1786/2094 1677/2098 1701/2097
f 1787/2093 1701/2097 1702/2099
f 1677/2098 1778/2095 1657/2100
f 1657/2100 1778/2095 1765/2096
f 1701/2097 1677/2098 1581/2101
f 1765/2096 1840/2087 1746/2102
f 1746/2102 1840/2087 1831/2089
f 1657/2100 1765/2096 1634/2103
f 1634/2103 1765/2096 1746/2102
f 1677/2098 1657/2100 1527/2104
f 1677/2098 1527/2104 1581/2101
f 1657/2100 1634/2103 1525/2105
f 1657/2100 1525/2105 1527/2104
f 1634/2103 1746/2102 1616/2106
f 1634/2103 1616/2106 1525/2105
f 1616/2106 1746/2102 1731/2107
f 1731/2107 1746/2102 1831/2089
f 1525/2105 1616/2106 1524/2108
f 1525/2105 1524/2108 1509/2109
f 1525/2105 1509/2109 1496/2110
f 1525/2105 1496/2110 1527/2104
f 1524/2108 1616/2106 1601/2111
f 1601/2111 1616/2106 1731/2107
f 1524/2108 1601/2111 1516/2112
f 1527/2104 1496/2110 1467/2113
f 1527/2104 1467/2113 1581/2101
f 1467/2113 1496/2110 1435/2114
f 1467/2113 1435/2114 1446/2115
f 1601/2111 1731/2107 1714/2116
f 1601/2111 1714/2116 1578/2117
f 1714/2116 1731/2107 1816/2118
f 1816/2118 1731/2107 1831/2089
f 1816/2118 1831/2089 1907/2074
f 1816/2118 1907/2074 1885/2073
f 1714/2116 1816/2118 1803/2119
f 1803/2119 1816/2118 1885/2073
f 1714/2116 1803/2119 1656/2120
f 1803/2119 1885/2073 1862/2056
f 1803/2119 1862/2056 1728/2121
f 1483/2122 1467/2113 1446/2115
f 1467/2113 1483/2122 1602/2123
f 1467/2113 1602/2123 1581/2101
f 1581/2101 1602/2123 1701/2097
f 1701/2097 1602/2123 1702/2099
f 1602/2123 1483/2122 1609/2124
f 1602/2123 1609/2124 1702/2099
f 1702/2099 1609/2124 1703/2125
f 1702/2099 1703/2125 1779/2126
f 1703/2125 1609/2124 1617/2127
f 1609/2124 1483/2122 1510/2128
f 1609/2124 1510/2128 1617/2127
f 1510/2128 1483/2122 1446/2115
f 1688/2129 1617/2127 1618/2130
f 1618/2130 1617/2127 1518/2131
f 1518/2131 1617/2127 1510/2128
f 1618/2130 1518/2131 1529/2132
f 1510/2128 1446/2115 1428/2133
f 1510/2128 1428/2133 1518/2131
f 1428/2133 1446/2115 1415/2134
f 1529/2132 1518/2131 1436/2135
f 1436/2135 1518/2131 1428/2133
f 1436/2135 1428/2133 1397/2136
f 1529/2132 1436/2135 1438/2137
f 1438/2137 1436/2135 1379/2138
f 2280/2139 2303/2140 2327/2141
f 876/2142 814/2143 926/2144
f 876/2142 926/2144 939/2145
f 939/2145 926/2144 963/2146
f 939/2145 963/2146 985/2147
f 2329/2148 2369/2149 2357/2150
f 2329/2148 2357/2150 2330/2151
f 2260/2152 2284/2153 2274/2154
f 1126/2155 1085/2156 1108/2157
f 2359/2158 2330/2159 2357/2160
f 1073/2161 1108/2162 1086/2163
f 1073/2161 1086/2163 1056/2164
f 1073/2161 1056/2164 1060/2165
f 1056/2164 1086/2163 1070/2166
f 1070/2166 1086/2163 1085/2167
f 1070/2166 1085/2167 1069/2168
f 1070/2166 1069/2168 1057/2169
f 1056/2164 1070/2166 1049/2170
f 1049/2170 1070/2166 1057/2169
f 1056/2164 1049/2170 1035/2171
f 1034/2172 1060/2165 1056/2164
f 1034/2172 1056/2164 1035/2171
f 1060/2165 1034/2172 1010/2173
f 1060/2165 1010/2173 1048/2174
f 1048/2174 1010/2173 1024/2175
f 1024/2175 1010/2173 986/2176
f 1024/2175 986/2176 950/2177
f 1024/2175 950/2177 985/2178
f 985/2178 950/2177 904/2179
f 904/2179 950/2177 849/2180
f 950/2177 986/2176 952/2181
f 952/2181 986/2176 1010/2173
f 950/2177 952/2181 890/2182
f 803/2183 849/2180 890/2182
f 803/2183 890/2182 836/2184
f 890/2182 952/2181 919/2185
f 890/2182 919/2185 836/2184
f 952/2181 1010/2173 981/2186
f 952/2181 981/2186 919/2185
f 981/2186 1010/2173 1034/2172
f 981/2186 1034/2172 999/2187
f 919/2185 981/2186 953/2188
f 953/2188 981/2186 999/2187
f 999/2187 1034/2172 1035/2171
f 919/2185 953/2188 860/2189
f 805/2190 836/2184 919/2185
f 805/2190 919/2185 860/2189
f 836/2184 805/2190 724/2191
f 836/2184 724/2191 761/2192
f 724/2191 805/2190 684/2193
f 684/2193 805/2190 751/2194
f 751/2194 805/2190 860/2189
f 684/2193 751/2194 557/2195
f 751/2194 860/2189 809/2196
f 751/2194 809/2196 647/2197
f 647/2197 809/2196 734/2198
f 809/2196 860/2189 921/2199
f 921/2199 860/2189 953/2188
f 734/2198 809/2196 861/2200
f 861/2200 809/2196 921/2199
f 734/2198 861/2200 770/2201
f 921/2199 953/2188 978/2202
f 978/2202 953/2188 999/2187
f 861/2200 921/2199 946/2203
f 946/2203 921/2199 978/2202
f 978/2202 999/2187 995/2204
f 978/2202 995/2204 946/2203
f 995/2204 999/2187 1035/2171
f 861/2200 946/2203 891/2205
f 861/2200 891/2205 770/2201
f 946/2203 995/2204 964/2206
f 946/2203 964/2206 891/2205
f 995/2204 1035/2171 1011/2207
f 995/2204 1011/2207 964/2206
f 1011/2207 1035/2171 1025/2208
f 1025/2208 1035/2171 1049/2170
f 964/2206 1011/2207 982/2209
f 982/2209 1011/2207 1025/2208
f 891/2205 964/2206 928/2210
f 928/2210 964/2206 982/2209
f 832/2211 770/2201 891/2205
f 832/2211 891/2205 928/2210
f 770/2201 832/2211 707/2212
f 1026/2213 1025/2208 1049/2170
f 1026/2213 1049/2170 1057/2169
f 988/2214 982/2209 1025/2208
f 1026/2213 1057/2169 1020/2215
f 1020/2215 1057/2169 1050/2216
f 1020/2215 1050/2216 1012/2217
f 1020/2215 1012/2217 979/2218
f 979/2218 1012/2217 973/2219
f 979/2218 973/2219 929/2220
f 1026/2213 1020/2215 990/2221
f 989/2222 1025/2208 1026/2213
f 989/2222 1026/2213 990/2221
f 1025/2208 989/2222 988/2214
f 989/2222 990/2221 947/2223
f 947/2223 990/2221 941/2224
f 988/2214 989/2222 955/2225
f 947/2223 941/2224 881/2226
f 989/2222 947/2223 956/2227
f 989/2222 956/2227 955/2225
f 988/2214 955/2225 940/2228
f 988/2214 940/2228 982/2209
f 982/2209 940/2228 928/2210
f 928/2210 940/2228 863/2229
f 928/2210 863/2229 832/2211
f 940/2228 955/2225 880/2230
f 940/2228 880/2230 863/2229
f 885/2231 955/2225 956/2227
f 955/2225 885/2231 880/2230
f 832/2211 863/2229 772/2232
f 832/2211 772/2232 707/2212
f 863/2229 880/2230 796/2233
f 863/2229 796/2233 772/2232
f 707/2212 772/2232 701/2234
f 701/2234 772/2232 796/2233
f 707/2212 701/2234 622/2235
f 622/2235 701/2234 627/2236
f 811/2237 880/2230 885/2231
f 880/2230 811/2237 796/2233
f 701/2234 796/2233 726/2238
f 726/2238 796/2233 811/2237
f 701/2234 726/2238 627/2236
f 811/2237 885/2231 820/2239
f 726/2238 811/2237 735/2240
f 735/2240 811/2237 820/2239
f 627/2236 726/2238 650/2241
f 650/2241 726/2238 735/2240
f 627/2236 650/2241 568/2242
f 627/2236 568/2242 493/2243
f 820/2239 885/2231 892/2244
f 892/2244 885/2231 956/2227
f 892/2244 956/2227 947/2223
f 892/2244 947/2223 886/2245
s 0
f 886/2245 947/2223 881/2226
s 1
f 820/2239 892/2244 827/2246
f 827/2246 892/2244 886/2245
f 820/2239 827/2246 754/2247
f 820/2239 754/2247 735/2240
f 827/2246 886/2245 821/2248
f 821/2248 886/2245 881/2226
f 754/2247 827/2246 755/2249
f 755/2249 827/2246 821/2248
f 735/2240 754/2247 672/2250
f 735/2240 672/2250 650/2241
f 754/2247 755/2249 685/2251
f 754/2247 685/2251 672/2250
f 650/2241 672/2250 581/2252
f 650/2241 581/2252 568/2242
f 672/2250 685/2251 596/2253
f 672/2250 596/2253 581/2252
f 685/2251 755/2249 686/2254
f 568/2242 581/2252 479/2255
f 568/2242 479/2255 420/2256
f 581/2252 596/2253 496/2257
f 581/2252 496/2257 479/2255
f 596/2253 685/2251 605/2258
f 605/2258 685/2251 686/2254
f 496/2257 596/2253 511/2259
f 511/2259 596/2253 605/2258
f 479/2255 496/2257 365/2260
f 479/2255 365/2260 344/2261
f 496/2257 511/2259 381/2262
f 496/2257 381/2262 365/2260
f 365/2260 381/2262 289/2263
f 365/2260 289/2263 281/2264
f 289/2263 381/2262 290/2265
f 289/2263 290/2265 274/2266
f 381/2262 511/2259 399/2267
f 381/2262 399/2267 290/2265
f 274/2266 290/2265 261/2268
f 399/2267 511/2259 530/2269
f 530/2269 511/2259 605/2258
f 290/2265 399/2267 421/2270
f 421/2270 399/2267 530/2269
f 261/2268 290/2265 292/2271
f 292/2271 290/2265 421/2270
f 261/2268 292/2271 233/2272
f 261/2268 233/2272 200/2273
f 530/2269 605/2258 609/2274
f 609/2274 605/2258 686/2254
f 421/2270 530/2269 543/2275
f 543/2275 530/2269 609/2274
f 292/2271 421/2270 442/2276
f 442/2276 421/2270 543/2275
f 292/2271 442/2276 347/2277
f 292/2271 347/2277 233/2272
f 442/2276 543/2275 551/2278
f 543/2275 609/2274 610/2279
f 543/2275 610/2279 551/2278
f 442/2276 551/2278 466/2280
f 442/2276 466/2280 347/2277
f 551/2278 610/2279 611/2281
f 610/2279 609/2274 687/2282
f 687/2282 609/2274 686/2254
f 611/2281 610/2279 688/2283
f 688/2283 610/2279 687/2282
f 611/2281 688/2283 606/2284
f 551/2278 611/2281 552/2285
f 552/2285 611/2281 606/2284
f 551/2278 552/2285 466/2280
f 606/2284 688/2283 681/2286
f 552/2285 606/2284 544/2287
f 681/2286 688/2283 744/2288
f 744/2288 688/2283 687/2282
f 681/2286 744/2288 736/2289
f 552/2285 544/2287 467/2290
f 552/2285 467/2290 466/2280
f 467/2290 544/2287 468/2291
f 744/2288 687/2282 756/2292
f 756/2292 687/2282 686/2254
f 756/2292 686/2254 755/2249
f 756/2292 755/2249 821/2248
f 744/2288 756/2292 812/2293
f 812/2293 756/2292 821/2248
f 744/2288 812/2293 736/2289
f 812/2293 821/2248 881/2226
f 736/2289 812/2293 806/2294
f 806/2294 812/2293 881/2226
f 374/2295 467/2290 468/2291
f 374/2295 468/2291 382/2296
f 467/2290 374/2295 366/2297
f 467/2290 366/2297 466/2280
f 466/2280 366/2297 347/2277
f 347/2277 366/2297 233/2272
f 366/2297 374/2295 248/2298
f 366/2297 248/2298 233/2272
f 374/2295 382/2296 275/2299
f 374/2295 275/2299 248/2298
f 233/2272 248/2298 212/2300
f 212/2300 248/2298 275/2299
f 233/2272 212/2300 200/2273
f 200/2273 212/2300 180/2301
f 180/2301 212/2300 193/2302
f 193/2302 212/2300 275/2299
f 180/2301 193/2302 170/2303
f 283/2304 275/2299 382/2296
f 275/2299 283/2304 193/2302
f 283/2304 382/2296 383/2305
f 383/2305 382/2296 453/2306
f 193/2302 283/2304 201/2307
f 193/2302 201/2307 162/2308
f 162/2308 201/2307 145/2309
f 283/2304 383/2305 294/2310
f 283/2304 294/2310 201/2307
f 294/2310 383/2305 293/2311
f 145/2309 201/2307 203/2312
f 203/2312 201/2307 294/2310
f 145/2309 203/2312 136/2313
f 136/2313 203/2312 202/2314
f 202/2314 203/2312 294/2310
f 202/2314 294/2310 293/2311
f 202/2314 293/2311 194/2315
f 202/2314 194/2315 135/2316
f 1085/2317 1086/2318 1108/2319
f 2306/2320 2294/2321 2287/2322
f 2287/2322 2294/2321 2257/2323
f 1068/2324 1050/2325 1069/2326
f 1068/2324 1069/2326 1084/2327
f 2287/2328 2257/2329 2249/2330
f 2249/2330 2257/2329 2216/2331
f 1057/2332 1069/2333 1050/2334
f 890/2335 849/2336 950/2337
f 54/2338 156/2339 55/2340
f 55/2340 156/2339 157/2341
f 54/2338 55/2340 1144/2342
f 157/2341 156/2339 269/2343
f 54/2338 1144/2342 1142/2344
f 157/2341 269/2343 253/2345
f 1142/2344 1144/2342 1289/2346
f 253/2345 269/2343 406/2347
f 253/2345 406/2347 385/2348
f 385/2348 406/2347 534/2349
f 1289/2346 1144/2342 1290/2350
f 1289/2346 1290/2350 1391/2351
f 1391/2351 1290/2350 1392/2352
f 1391/2351 1392/2352 1504/2353
f 1504/2353 1392/2352 1488/2354
f 1504/2353 1488/2354 1641/2355
f 1641/2355 1488/2354 1620/2356
f 626/2357 604/2358 508/2359
f 1743/2360 1839/2361 1861/2362
f 1145/2363 1146/2364 1331/2365
f 1145/2363 1331/2365 1330/2366
f 1146/2364 1145/2363 97/2367
f 97/2367 1145/2363 96/2368
f 97/2367 96/2368 327/2369
f 327/2369 96/2368 326/2370
f 327/2369 326/2370 537/2371
f 97/2367 327/2369 329/2372
f 1146/2364 97/2367 99/2373
f 99/2373 97/2367 329/2372
f 1146/2364 99/2373 1148/2374
f 99/2373 329/2372 330/2375
f 1148/2374 99/2373 100/2376
f 100/2376 99/2373 330/2375
f 1148/2374 100/2376 1149/2377
f 100/2376 330/2375 331/2378
f 1149/2377 100/2376 101/2379
f 101/2379 100/2376 331/2378
f 101/2379 331/2378 332/2380
f 1149/2377 101/2379 1151/2381
f 101/2379 332/2380 102/2382
f 101/2379 102/2382 1151/2381
f 1151/2381 102/2382 1154/2383
f 1154/2383 102/2382 103/2384
f 1154/2383 103/2384 1155/2385
f 1145/2386 1330/2387 1147/2388
f 1145/2386 1147/2388 96/2389
f 1147/2388 1330/2387 1332/2390
f 1332/2390 1330/2387 1561/2391
f 96/2389 1147/2388 98/2392
f 96/2389 98/2392 326/2393
f 1147/2388 1332/2390 1156/2394
f 1147/2388 1156/2394 98/2392
f 1332/2390 1561/2391 1563/2395
f 1563/2395 1561/2391 1771/2396
f 1156/2394 1332/2390 1310/2397
f 1310/2397 1332/2390 1563/2395
f 1156/2394 1310/2397 1159/2398
f 1159/2398 1310/2397 1298/2399
f 1156/2394 1159/2398 76/2400
f 1156/2394 76/2400 98/2392
f 76/2400 1159/2398 63/2401
f 328/2402 326/2393 98/2392
f 328/2402 98/2392 76/2400
f 326/2393 328/2402 536/2403
f 1298/2399 1310/2397 1470/2404
f 1470/2404 1310/2397 1563/2395
f 1298/2399 1470/2404 1433/2405
f 536/2403 328/2402 525/2406
f 536/2403 525/2406 669/2407
f 328/2402 76/2400 235/2408
f 328/2402 235/2408 525/2406
f 235/2408 76/2400 63/2401
f 235/2408 63/2401 198/2409
f 235/2408 198/2409 407/2410
f 235/2408 407/2410 525/2406
f 407/2410 198/2409 343/2411
f 646/2412 669/2407 525/2406
f 646/2412 525/2406 407/2410
f 669/2407 646/2412 771/2413
f 407/2410 343/2411 527/2414
f 407/2410 527/2414 646/2412
f 527/2414 343/2411 440/2415
f 771/2413 646/2412 752/2416
f 752/2416 646/2412 527/2414
f 771/2413 752/2416 843/2417
f 527/2414 440/2415 591/2418
f 527/2414 591/2418 752/2416
f 591/2418 440/2415 494/2419
f 843/2417 752/2416 826/2420
f 826/2420 752/2416 591/2418
f 843/2417 826/2420 887/2421
f 591/2418 494/2419 845/2422
f 591/2418 845/2422 826/2420
f 826/2420 845/2422 887/2421
f 887/2421 845/2422 909/2423
f 909/2423 845/2422 847/2424
f 909/2423 847/2424 910/2425
f 910/2425 847/2424 857/2426
f 857/2426 847/2424 389/2427
f 389/2427 847/2424 495/2428
f 857/2426 389/2427 773/2429
f 857/2426 773/2429 789/2430
f 789/2430 773/2429 658/2431
f 773/2429 389/2427 629/2432
f 629/2432 389/2427 221/2433
f 629/2432 221/2433 503/2434
f 518/2435 658/2431 503/2434
f 518/2435 503/2434 303/2436
f 503/2434 221/2433 66/2437
f 503/2434 66/2437 303/2436
f 303/2436 66/2437 125/2438
f 125/2438 66/2437 1191/2439
f 1191/2439 66/2437 1174/2440
f 1191/2439 1174/2440 1359/2441
f 1359/2441 1174/2440 1301/2442
f 1359/2441 1301/2442 1538/2443
f 1538/2443 1301/2442 1738/2444
f 1538/2443 1738/2444 1753/2445
f 1738/2444 1301/2442 1455/2446
f 1753/2445 1738/2444 1893/2447
f 1738/2444 1455/2446 1864/2448
f 1864/2448 1455/2446 1624/2449
f 2008/2450 1893/2447 1864/2448
f 2008/2450 1864/2448 1624/2449
f 1893/2447 2008/2450 2024/2451
f 2024/2451 2008/2450 2094/2452
f 2094/2452 2008/2450 1624/2449
f 2094/2452 1624/2449 2068/2453
f 2068/2453 1624/2449 1730/2454
f 2094/2452 2068/2453 2147/2455
f 2147/2455 2068/2453 2146/2456
f 2146/2456 2068/2453 2074/2457
f 2146/2456 2074/2457 2124/2458
f 2124/2458 2074/2457 2065/2459
f 2124/2458 2065/2459 2081/2460
f 2065/2459 2074/2457 1826/2461
f 1826/2461 2074/2457 1729/2462
f 1826/2461 1729/2462 1675/2463
f 2081/2460 2065/2459 1987/2464
f 1987/2464 2065/2459 1826/2461
f 2081/2460 1987/2464 2006/2465
f 1826/2461 1675/2463 1762/2466
f 1826/2461 1762/2466 1987/2464
f 1762/2466 1675/2463 1577/2467
f 2006/2465 1987/2464 1881/2468
f 1881/2468 1987/2464 1762/2466
f 2006/2465 1881/2468 1904/2469
f 1762/2466 1577/2467 1642/2470
f 1762/2466 1642/2470 1881/2468
f 1642/2470 1577/2467 1433/2405
f 1642/2470 1433/2405 1470/2404
f 1881/2468 1642/2470 1760/2471
f 1760/2471 1642/2470 1470/2404
f 1881/2468 1760/2471 1904/2469
f 1760/2471 1470/2404 1563/2395
f 1904/2469 1760/2471 1771/2396
f 1771/2396 1760/2471 1563/2395
f 1150/2472 56/2473 1153/2474
f 1150/2472 1153/2474 1291/2475
f 1291/2475 1153/2474 1292/2476
f 1292/2476 1153/2474 1298/2477
f 1298/2477 1153/2474 1159/2478
f 1159/2478 1153/2474 63/2479
f 63/2479 1153/2474 57/2480
f 57/2480 1153/2474 56/2473
f 57/2480 56/2473 140/2481
f 57/2480 140/2481 133/2482
f 57/2480 133/2482 198/2483
f 1986/2484 1792/2485 1882/2486
f 751/2487 647/2488 557/2489
f 1148/2490 1149/2491 1334/2492
f 1334/2492 1149/2491 1335/2493
f 1335/2493 1149/2491 1151/2494
f 1148/2490 1334/2492 1333/2495
f 1148/2490 1333/2495 1146/2496
f 1146/2496 1333/2495 1331/2497
f 1335/2493 1151/2494 1336/2498
f 1336/2498 1151/2494 1154/2499
f 1336/2498 1154/2499 1337/2500
f 1337/2500 1154/2499 1155/2501
f 1336/2498 1337/2500 1568/2502
f 1336/2498 1568/2502 1567/2503
f 1336/2498 1567/2503 1335/2493
f 1567/2503 1568/2502 1777/2504
f 1335/2493 1567/2503 1566/2505
f 1335/2493 1566/2505 1334/2492
f 1567/2503 1777/2504 1776/2506
f 1567/2503 1776/2506 1566/2505
f 1776/2506 1777/2504 1905/2507
f 1334/2492 1566/2505 1565/2508
f 1334/2492 1565/2508 1333/2495
f 1566/2505 1776/2506 1775/2509
f 1566/2505 1775/2509 1565/2508
f 1776/2506 1905/2507 1914/2510
f 1776/2506 1914/2510 1775/2509
f 1914/2510 1905/2507 2019/2511
f 2088/2512 2019/2511 2091/2513
f 2019/2511 2088/2512 2018/2514
f 2019/2511 2018/2514 1914/2510
f 1775/2509 1914/2510 1912/2515
f 1912/2515 1914/2510 2018/2514
f 1775/2509 1912/2515 1774/2516
f 1775/2509 1774/2516 1565/2508
f 1912/2515 2018/2514 2017/2517
f 2017/2517 2018/2514 2092/2518
f 2017/2517 2092/2518 2090/2519
f 1912/2515 2017/2517 1911/2520
f 1912/2515 1911/2520 1774/2516
f 2017/2517 2090/2519 2016/2521
f 2017/2517 2016/2521 1911/2520
f 2016/2521 2090/2519 2089/2522
f 1564/2523 1565/2508 1774/2516
f 1565/2508 1564/2523 1333/2495
f 1333/2495 1564/2523 1331/2497
f 1331/2497 1564/2523 1562/2524
f 1331/2497 1562/2524 1330/2525
f 1564/2523 1774/2516 1773/2526
f 1564/2523 1773/2526 1562/2524
f 1773/2526 1774/2516 1911/2520
f 1562/2524 1773/2526 1772/2527
f 1773/2526 1911/2520 1910/2528
f 1773/2526 1910/2528 1772/2527
f 1910/2528 1911/2520 2016/2521
f 1771/2529 1561/2530 1772/2527
f 1771/2529 1772/2527 1909/2531
f 1909/2531 1772/2527 1910/2528
f 1771/2529 1909/2531 1904/2532
f 1910/2528 2016/2521 2015/2533
f 1910/2528 2015/2533 1909/2531
f 2015/2533 2016/2521 2089/2522
f 1909/2531 2015/2533 2014/2534
f 2015/2533 2089/2522 2087/2535
f 2015/2533 2087/2535 2014/2534
f 2014/2534 2087/2535 2086/2536
f 1562/2537 1772/2538 1561/2539
f 1562/2537 1561/2539 1330/2540
f 326/2541 536/2542 537/2543
f 537/2543 536/2542 674/2544
f 674/2544 536/2542 669/2545
f 537/2543 674/2544 675/2546
f 537/2543 675/2546 538/2547
f 537/2543 538/2547 327/2548
f 327/2548 538/2547 329/2549
f 675/2546 674/2544 780/2550
f 780/2550 674/2544 779/2551
f 538/2547 675/2546 676/2552
f 329/2549 538/2547 539/2553
f 539/2553 538/2547 676/2552
f 329/2549 539/2553 330/2554
f 780/2550 779/2551 852/2555
f 852/2555 779/2551 851/2556
f 852/2555 851/2556 907/2557
f 781/2558 675/2546 780/2550
f 675/2546 781/2558 676/2552
f 780/2550 852/2555 853/2559
f 780/2550 853/2559 781/2558
f 852/2555 907/2557 908/2560
f 852/2555 908/2560 853/2559
f 908/2560 907/2557 932/2561
f 932/2561 907/2557 931/2562
f 932/2561 931/2562 924/2563
f 924/2563 931/2562 923/2564
f 908/2560 932/2561 933/2565
f 908/2560 933/2565 894/2566
f 908/2560 894/2566 853/2559
f 894/2566 933/2565 925/2567
f 853/2559 894/2566 854/2568
f 853/2559 854/2568 781/2558
f 894/2566 925/2567 895/2569
f 894/2566 895/2569 854/2568
f 895/2569 925/2567 911/2570
f 895/2569 911/2570 888/2571
f 895/2569 888/2571 855/2572
f 895/2569 855/2572 854/2568
f 855/2572 888/2571 846/2573
f 782/2574 781/2558 854/2568
f 782/2574 854/2568 855/2572
f 781/2558 782/2574 676/2552
f 855/2572 846/2573 783/2575
f 855/2572 783/2575 782/2574
f 783/2575 846/2573 784/2576
f 676/2552 782/2574 677/2577
f 677/2577 782/2574 783/2575
f 676/2552 677/2577 539/2553
f 783/2575 784/2576 679/2578
f 783/2575 679/2578 677/2577
f 679/2578 784/2576 670/2579
f 539/2553 677/2577 540/2580
f 540/2580 677/2577 679/2578
f 539/2553 540/2580 330/2554
f 330/2554 540/2580 331/2581
f 540/2580 679/2578 541/2582
f 541/2582 679/2578 670/2579
f 540/2580 541/2582 331/2581
f 541/2582 670/2579 542/2583
f 331/2581 541/2582 332/2584
f 332/2584 541/2582 542/2583
f 332/2584 542/2583 333/2585
f 332/2584 333/2585 102/2586
f 102/2586 333/2585 103/2587
f 218/2588 310/2589 133/2590
f 218/2588 133/2590 140/2591
f 133/2590 310/2589 220/2592
f 133/2590 220/2592 198/2593
f 220/2592 310/2589 387/2594
f 198/2593 220/2592 343/2595
f 220/2592 387/2594 311/2596
f 220/2592 311/2596 343/2595
f 311/2596 387/2594 463/2597
f 343/2595 311/2596 388/2598
f 388/2598 311/2596 463/2597
f 343/2595 388/2598 440/2599
f 388/2598 463/2597 557/2600
f 440/2599 388/2598 452/2601
f 452/2601 388/2598 557/2600
f 440/2599 452/2601 494/2602
f 452/2601 557/2600 499/2603
f 452/2601 499/2603 494/2602
f 1545/2604 1452/2605 1367/2606
f 1545/2607 1367/2608 1454/2609
f 1454/2609 1367/2608 1433/2610
f 1433/2610 1367/2608 1292/2611
f 1433/2610 1292/2611 1298/2612
f 1292/2611 1367/2608 1374/2613
f 1374/2613 1367/2608 1452/2614
f 1292/2611 1374/2613 1291/2615
f 1454/2609 1433/2610 1577/2616
f 1454/2609 1577/2616 1546/2617
f 1454/2609 1546/2617 1622/2618
f 1622/2618 1546/2617 1698/2619
f 1546/2617 1577/2616 1623/2620
f 1546/2617 1623/2620 1698/2619
f 1698/2619 1623/2620 1792/2621
f 1623/2620 1577/2616 1675/2622
f 1792/2621 1623/2620 1687/2623
f 1687/2623 1623/2620 1675/2622
f 1687/2623 1675/2622 1729/2624
f 1687/2623 1729/2624 1734/2625
f 1545/2626 1454/2627 1622/2628
f 57/2629 198/2630 63/2631
f 1969/2632 1882/2633 2062/2634
f 1969/2632 2062/2634 2061/2635
f 1969/2636 2061/2637 2005/2638
f 2005/2638 2061/2637 2063/2639
f 2005/2638 2063/2639 1942/2640
f 1942/2640 2063/2639 2064/2641
f 734/2642 770/2643 837/2644
f 837/2644 770/2643 840/2645
f 840/2645 770/2643 707/2646
f 840/2645 707/2646 842/2647
f 734/2648 837/2649 839/2650
f 734/2651 839/2652 647/2653
f 674/2654 669/2655 779/2656
f 779/2656 669/2655 771/2657
f 779/2656 771/2657 851/2658
f 851/2658 771/2657 843/2659
f 851/2658 843/2659 893/2660
f 851/2658 893/2660 907/2661
f 907/2661 893/2660 931/2662
f 893/2660 843/2659 887/2663
f 893/2660 887/2663 930/2664
f 923/2665 931/2662 930/2664
f 930/2664 887/2663 909/2666
f 923/2665 930/2664 922/2667
f 922/2667 930/2664 909/2666
f 922/2667 909/2666 910/2668
f 922/2667 910/2668 865/2669
f 922/2667 865/2669 874/2670
f 865/2669 910/2668 857/2671
f 865/2669 857/2671 789/2672
f 1568/2673 1337/2674 1537/2675
f 1568/2673 1537/2675 1744/2676
f 1568/2673 1744/2676 1777/2677
f 1537/2675 1337/2674 1326/2678
f 1326/2678 1337/2674 1155/2679
f 1326/2678 1155/2679 1157/2680
f 1157/2680 1155/2679 92/2681
f 92/2681 1155/2679 103/2682
f 92/2681 103/2682 302/2683
f 302/2683 103/2682 333/2684
f 302/2683 333/2684 509/2685
f 509/2685 333/2684 542/2686
f 509/2685 542/2686 633/2687
f 633/2687 542/2686 670/2688
f 633/2687 670/2688 743/2689
f 743/2689 670/2688 784/2690
f 92/2691 302/2692 64/2693
f 92/2691 64/2693 1157/2694
f 64/2693 302/2692 236/2695
f 236/2695 302/2692 509/2696
f 236/2695 509/2696 633/2697
f 64/2693 236/2695 104/2698
f 236/2695 633/2697 409/2699
f 236/2695 409/2699 104/2698
f 409/2699 633/2697 743/2700
f 64/2693 104/2698 1163/2701
f 104/2698 409/2699 246/2702
f 64/2693 1163/2701 1162/2703
f 64/2693 1162/2703 1157/2694
f 1162/2703 1163/2701 1299/2704
f 1162/2703 1299/2704 1157/2694
f 1157/2694 1299/2704 1326/2705
f 1299/2704 1163/2701 1338/2706
f 1326/2705 1299/2704 1537/2707
f 500/2708 246/2702 409/2699
f 500/2708 409/2699 743/2700
f 500/2708 743/2700 813/2709
f 500/2708 813/2709 856/2710
f 246/2702 500/2708 352/2711
f 500/2708 856/2710 873/2712
f 352/2711 500/2708 529/2713
f 529/2713 500/2708 873/2712
f 352/2711 529/2713 372/2714
f 372/2714 529/2713 873/2712
f 372/2714 873/2712 866/2715
f 372/2714 866/2715 822/2716
f 372/2714 822/2716 745/2717
f 372/2714 745/2717 247/2718
f 247/2718 745/2717 652/2719
f 247/2718 652/2719 531/2720
f 247/2718 531/2720 121/2721
f 121/2721 531/2720 337/2722
f 121/2721 337/2722 131/2723
f 121/2721 131/2723 1205/2724
f 121/2721 1205/2724 1183/2725
f 1183/2725 1205/2724 1355/2726
f 1355/2726 1205/2724 1365/2727
f 1355/2726 1365/2727 1572/2728
f 1355/2726 1572/2728 1766/2729
f 1355/2726 1766/2729 1482/2730
f 1482/2730 1766/2729 1887/2731
f 1482/2730 1887/2731 1980/2732
f 1482/2730 1980/2732 1607/2733
f 1607/2733 1980/2732 2057/2734
f 1607/2733 2057/2734 2103/2735
f 1607/2733 2103/2735 2110/2736
f 1607/2733 2110/2736 1764/2737
f 1607/2733 1764/2737 1587/2738
f 1764/2737 2110/2736 1735/2739
f 1764/2737 1735/2739 1587/2738
f 1735/2739 2110/2736 2093/2740
f 1735/2739 2093/2740 2048/2741
f 1587/2738 1735/2739 1481/2742
f 1735/2739 2048/2741 1978/2743
f 1481/2742 1735/2739 1644/2744
f 1644/2744 1735/2739 1978/2743
f 1481/2742 1644/2744 1338/2706
f 1644/2744 1978/2743 1868/2745
f 1338/2706 1644/2744 1471/2746
f 1471/2746 1644/2744 1868/2745
f 1338/2706 1471/2746 1299/2704
f 1299/2704 1471/2746 1537/2707
f 1537/2707 1471/2746 1744/2747
f 1744/2747 1471/2746 1868/2745
f 1744/2747 1868/2745 1777/2748
f 2014/2749 1904/2750 1909/2751
f 1904/2750 2014/2749 2006/2752
f 2006/2752 2014/2749 2086/2753
f 2006/2752 2086/2753 2081/2754
f 2081/2754 2086/2753 2130/2755
f 2081/2754 2130/2755 2124/2756
f 2130/2755 2086/2753 2144/2757
f 2144/2757 2086/2753 2087/2758
f 2144/2757 2087/2758 2145/2759
f 2145/2759 2087/2758 2089/2760
f 2144/2757 2145/2759 2169/2761
f 2169/2761 2145/2759 2170/2762
f 2144/2757 2169/2761 2168/2763
f 2144/2757 2168/2763 2130/2755
f 2168/2763 2169/2761 2161/2764
f 2168/2763 2161/2764 2160/2765
f 2130/2755 2168/2763 2167/2766
f 2167/2766 2168/2763 2160/2765
f 2130/2755 2167/2766 2124/2756
f 2124/2756 2167/2766 2146/2767
f 2167/2766 2160/2765 2159/2768
f 2167/2766 2159/2768 2146/2767
f 2146/2767 2159/2768 2147/2769
f 2147/2769 2159/2768 2102/2770
f 2102/2770 2159/2768 2111/2771
f 2147/2769 2102/2770 2094/2772
f 2094/2772 2102/2770 2024/2773
f 1777/2774 1868/2775 1905/2776
f 1905/2776 1868/2775 1978/2777
f 1905/2776 1978/2777 2019/2778
f 2019/2778 1978/2777 2048/2779
f 2063/2780 2061/2781 2062/2782
f 2063/2780 2062/2782 2074/2783
f 2063/2780 2074/2783 2068/2784
f 2063/2780 2068/2784 2067/2785
f 2063/2780 2067/2785 2064/2786
f 840/2787 842/2788 844/2789
f 840/2787 844/2789 847/2790
f 840/2787 847/2790 845/2791
f 840/2787 845/2791 839/2792
f 840/2787 839/2792 837/2793
f 707/2794 622/2795 842/2796
f 842/2796 622/2795 844/2797
f 1687/2798 1734/2799 1792/2800
f 2074/2801 2062/2802 1882/2803
f 2074/2801 1882/2803 1734/2804
f 1734/2804 1882/2803 1792/2805
f 2074/2801 1734/2804 1729/2806
f 845/2807 494/2808 499/2809
f 845/2807 499/2809 647/2810
f 647/2810 499/2809 557/2811
f 845/2807 647/2810 839/2812
f 2089/2813 2090/2814 2131/2815
f 2131/2815 2090/2814 2132/2816
f 2131/2815 2132/2816 2162/2817
f 2132/2816 2090/2814 2092/2818
f 2089/2819 2131/2820 2145/2821
f 228/2822 288/2823 312/2824
f 1857/2825 2064/2826 2067/2827
f 2064/2826 1857/2825 1942/2828
f 1857/2829 2067/2830 1728/2831
f 1857/2832 1728/2833 1862/2834
f 844/2835 622/2836 493/2837
f 844/2838 493/2839 495/2840
f 844/2838 495/2840 847/2841
f 893/2842 930/2843 931/2844
f 2088/2845 2091/2846 2092/2847
f 2088/2848 2092/2849 2018/2850
f 743/2851 784/2852 813/2853
f 813/2853 784/2852 846/2854
f 813/2853 846/2854 888/2855
f 813/2853 888/2855 856/2856
f 856/2856 888/2855 911/2857
f 856/2856 911/2857 873/2858
f 873/2858 911/2857 866/2859
f 866/2859 911/2857 896/2860
f 866/2859 896/2860 822/2861
f 896/2860 911/2857 925/2862
f 896/2860 925/2862 913/2863
f 913/2863 925/2862 933/2864
f 822/2861 896/2860 858/2865
f 822/2861 858/2865 745/2866
f 745/2866 858/2865 785/2867
f 745/2866 785/2867 652/2868
f 652/2868 785/2867 682/2869
f 652/2868 682/2869 559/2870
f 652/2868 559/2870 531/2871
f 531/2871 559/2870 368/2872
f 531/2871 368/2872 337/2873
f 627/2874 493/2875 622/2876
f 1730/2877 2067/2878 2068/2879
f 2067/2878 1730/2877 1728/2880
f 1730/2881 1624/2882 1656/2883
f 1730/2881 1656/2883 1728/2884
f 1656/2883 1624/2882 1578/2885
f 1578/2885 1624/2882 1455/2886
f 1578/2885 1455/2886 1463/2887
f 1463/2887 1455/2886 1353/2888
f 1353/2888 1455/2886 1301/2889
f 2048/2890 2093/2891 2125/2892
f 2048/2890 2125/2892 2082/2893
f 2048/2890 2082/2893 2091/2894
f 2091/2894 2082/2893 2092/2895
f 2092/2895 2082/2893 2125/2892
f 2092/2895 2125/2892 2132/2896
f 2125/2892 2093/2891 2148/2897
f 2125/2892 2148/2897 2132/2896
f 2148/2897 2093/2891 2110/2898
f 2148/2897 2110/2898 2103/2899
f 2132/2896 2148/2897 2162/2900
f 2148/2897 2103/2899 2133/2901
f 2148/2897 2133/2901 2162/2900
f 2133/2901 2103/2899 2057/2902
f 2162/2900 2133/2901 2150/2903
f 2133/2901 2057/2902 2095/2904
f 2162/2900 2150/2903 2170/2905
f 2162/2900 2170/2905 2131/2906
f 2131/2906 2170/2905 2145/2907
f 2095/2904 2057/2902 1980/2908
f 2095/2904 1980/2908 2020/2909
f 2020/2909 1980/2908 1887/2910
f 2020/2909 1887/2910 1917/2911
f 1917/2911 1887/2910 1794/2912
f 1794/2912 1887/2910 1766/2913
f 2048/2914 2091/2915 2019/2916
f 1803/2917 1728/2918 1656/2919
f 420/2920 493/2921 568/2922
f 420/2923 479/2924 344/2925
f 420/2926 344/2927 389/2928
f 420/2926 389/2928 495/2929
f 420/2926 495/2929 493/2930
f 389/2928 344/2927 221/2931
f 221/2931 344/2927 229/2932
f 221/2931 229/2932 119/2933
f 221/2931 119/2933 66/2934
f 1163/2935 104/2936 77/2937
f 77/2937 104/2936 190/2938
f 1163/2939 77/2940 65/2941
f 65/2941 77/2940 176/2942
f 176/2942 77/2940 190/2943
f 176/2942 190/2943 237/2944
f 237/2944 190/2943 255/2945
f 237/2944 255/2945 272/2946
f 272/2946 255/2945 335/2947
f 1163/2948 65/2949 1165/2950
f 1163/2948 1165/2950 1300/2951
f 176/2952 158/2953 65/2949
f 65/2949 158/2953 48/2954
f 65/2949 48/2954 1165/2950
f 1165/2950 48/2954 1167/2955
f 1165/2950 1167/2955 1283/2956
f 1165/2950 1283/2956 1300/2951
f 1300/2951 1283/2956 1393/2957
f 1300/2951 1393/2957 1411/2958
f 1163/2959 1300/2960 1311/2961
f 1311/2961 1300/2960 1411/2962
f 1311/2961 1411/2962 1425/2963
f 1425/2963 1411/2962 1472/2964
f 1425/2963 1472/2964 1490/2965
f 1163/2966 1311/2967 1338/2968
f 1338/2968 1311/2967 1425/2969
f 1425/2970 1490/2971 1481/2972
f 1481/2972 1490/2971 1587/2973
f 1587/2973 1490/2971 1570/2974
f 1570/2974 1490/2971 1507/2975
f 1507/2975 1490/2971 1472/2976
f 1587/2973 1570/2974 1580/2977
f 1507/2975 1472/2976 1473/2978
f 1473/2978 1472/2976 1443/2979
f 1443/2979 1472/2976 1411/2980
f 1443/2979 1411/2980 1393/2981
f 1507/2975 1473/2978 1466/2982
f 1587/2973 1580/2977 1607/2983
f 1493/2984 1570/2974 1507/2975
f 1493/2984 1507/2975 1466/2982
f 1570/2974 1493/2984 1580/2977
f 1493/2984 1466/2982 1423/2985
f 1607/2983 1580/2977 1495/2986
f 1607/2983 1495/2986 1482/2987
f 1482/2987 1495/2986 1395/2988
f 1482/2987 1395/2988 1355/2989
f 1495/2986 1580/2977 1434/2990
f 1434/2990 1580/2977 1493/2984
f 1434/2990 1493/2984 1423/2985
f 1495/2986 1434/2990 1356/2991
f 1434/2990 1423/2985 1342/2992
f 1434/2990 1342/2992 1356/2991
f 1425/2993 1481/2994 1338/2995
f 246/2996 352/2997 255/2998
f 246/2996 255/2998 190/2999
f 255/2998 352/2997 335/3000
f 335/3000 352/2997 346/3001
f 346/3001 352/2997 372/3002
f 335/3000 346/3001 258/3003
f 335/3000 258/3003 272/3004
f 346/3001 372/3002 260/3005
f 260/3005 372/3002 247/3006
f 260/3005 247/3006 160/3007
f 160/3007 247/3006 121/3008
f 260/3005 160/3007 122/3009
f 346/3001 260/3005 199/3010
f 199/3010 260/3005 122/3009
f 346/3001 199/3010 258/3003
f 199/3010 122/3009 109/3011
f 199/3010 109/3011 188/3012
f 199/3010 188/3012 258/3003
f 258/3003 188/3012 232/3013
f 258/3003 232/3013 272/3004
f 272/3004 232/3013 238/3014
f 272/3004 238/3014 237/3015
f 237/3015 238/3014 209/3016
f 237/3015 209/3016 176/3017
f 176/3017 209/3016 158/3018
f 246/3019 190/3020 104/3021
f 2170/3022 2150/3023 2149/3024
f 2170/3022 2149/3024 2169/3025
f 2133/3026 2095/3027 2150/3023
f 2150/3023 2095/3027 2105/3028
f 2150/3023 2105/3028 2149/3024
f 2105/3028 2095/3027 2020/3029
f 2149/3024 2105/3028 2104/3030
f 2149/3024 2104/3030 2161/3031
f 2105/3028 2020/3029 2028/3032
f 2105/3028 2028/3032 2104/3030
f 2028/3032 2020/3029 1917/3033
f 2028/3032 1917/3033 1897/3034
f 1897/3034 1917/3033 1794/3035
f 2104/3030 2028/3032 2027/3036
f 2027/3036 2028/3032 1897/3034
f 2112/3037 2161/3031 2104/3030
f 2112/3037 2104/3030 2027/3036
f 2161/3031 2112/3037 2160/3038
f 1897/3034 1794/3035 1757/3039
f 1757/3039 1794/3035 1604/3040
f 2160/3038 2112/3037 2111/3041
f 2160/3038 2111/3041 2159/3042
f 2112/3037 2027/3036 2026/3043
f 2112/3037 2026/3043 2111/3041
f 1896/3044 2027/3036 1897/3034
f 2027/3036 1896/3044 2026/3043
f 1756/3045 1897/3034 1757/3039
f 1897/3034 1756/3045 1896/3044
f 1554/3046 1757/3039 1604/3040
f 1554/3046 1604/3040 1385/3047
f 1554/3046 1385/3047 1364/3048
f 1554/3046 1364/3048 1363/3049
f 1757/3039 1554/3046 1553/3050
f 1553/3050 1554/3046 1363/3049
f 1757/3039 1553/3050 1756/3045
f 1553/3050 1363/3049 1362/3051
f 1553/3050 1362/3051 1552/3052
f 1553/3050 1552/3052 1756/3045
f 1552/3052 1362/3051 1361/3053
f 1756/3045 1552/3052 1755/3054
f 1756/3045 1755/3054 1896/3044
f 1755/3054 1552/3052 1551/3055
f 1896/3044 1755/3054 1895/3056
f 1896/3044 1895/3056 2026/3043
f 1755/3054 1551/3055 1754/3057
f 1755/3054 1754/3057 1895/3056
f 1754/3057 1551/3055 1550/3058
f 1754/3057 1550/3058 1753/3059
f 1754/3057 1753/3059 1894/3060
f 1754/3057 1894/3060 1895/3056
f 1894/3060 1753/3059 1893/3061
f 1894/3060 1893/3061 2024/3062
f 1895/3056 1894/3060 2025/3063
f 2025/3063 1894/3060 2024/3062
f 1895/3056 2025/3063 2026/3043
f 2025/3063 2024/3062 2102/3064
f 2026/3043 2025/3063 2111/3041
f 2111/3041 2025/3063 2102/3064
f 1578/3065 1463/3066 1601/3067
f 1601/3067 1463/3066 1516/3068
f 1516/3068 1463/3066 1353/3069
f 1516/3068 1353/3069 1420/3070
f 1516/3068 1420/3070 1524/3071
f 1420/3070 1353/3069 1268/3072
f 1524/3071 1420/3070 1421/3073
f 1524/3071 1421/3073 1509/3074
f 1420/3070 1268/3072 1284/3075
f 1420/3070 1284/3075 1421/3073
f 1284/3075 1268/3072 1171/3076
f 1509/3074 1421/3073 1413/3077
f 1509/3074 1413/3077 1496/3078
f 1421/3073 1284/3075 1285/3079
f 1421/3073 1285/3079 1413/3077
f 1284/3075 1171/3076 1173/3080
f 1284/3075 1173/3080 1285/3079
f 1173/3080 1171/3076 49/3081
f 49/3081 1171/3076 35/3082
f 1496/3078 1413/3077 1403/3083
f 1496/3078 1403/3083 1435/3084
f 1413/3077 1285/3079 1278/3085
f 1413/3077 1278/3085 1403/3083
f 1285/3079 1173/3080 1175/3086
f 1285/3079 1175/3086 1278/3085
f 1175/3086 1173/3080 50/3087
f 50/3087 1173/3080 49/3081
f 1278/3085 1175/3086 1179/3088
f 1175/3086 50/3087 43/3089
f 1175/3086 43/3089 1179/3088
f 1273/3090 1403/3083 1278/3085
f 1273/3090 1278/3085 1179/3088
f 1403/3083 1273/3090 1377/3091
f 1403/3083 1377/3091 1435/3084
f 1435/3084 1377/3091 1415/3092
f 1435/3084 1415/3092 1446/3093
f 1415/3092 1377/3091 1358/3094
f 1415/3092 1358/3094 1405/3095
f 1405/3095 1358/3094 1350/3096
f 1350/3096 1358/3094 1258/3097
f 1358/3094 1377/3091 1261/3098
f 1358/3094 1261/3098 1258/3097
f 1261/3098 1377/3091 1273/3090
f 1258/3097 1261/3098 1186/3099
f 1258/3097 1186/3099 1190/3100
s 0
f 1261/3098 1273/3090 1181/3101
f 1261/3098 1181/3101 1186/3099
s 1
f 1181/3101 1273/3090 1179/3088
f 1190/3100 1186/3099 25/3102
f 1181/3101 1179/3088 39/3103
s 0
f 1186/3099 1181/3101 28/3104
s 1
f 1186/3099 28/3104 25/3102
f 28/3104 1181/3101 39/3103
f 39/3103 1179/3088 43/3089
f 25/3102 28/3104 124/3105
f 25/3102 124/3105 116/3106
f 116/3106 124/3105 170/3107
f 170/3107 124/3105 180/3108
f 124/3105 28/3104 143/3109
f 124/3105 143/3109 180/3108
f 143/3109 28/3104 39/3103
f 180/3108 143/3109 200/3110
f 143/3109 39/3103 168/3111
f 143/3109 168/3111 200/3110
f 168/3111 39/3103 43/3089
f 200/3110 168/3111 261/3112
f 168/3111 43/3089 178/3113
f 168/3111 178/3113 261/3112
f 178/3113 43/3089 50/3087
f 261/3112 178/3113 274/3114
f 178/3113 50/3087 186/3115
f 178/3113 186/3115 274/3114
f 186/3115 50/3087 49/3081
f 274/3114 186/3115 289/3116
f 186/3115 49/3081 185/3117
f 186/3115 185/3117 289/3116
f 185/3117 49/3081 35/3082
f 289/3116 185/3117 281/3118
f 185/3117 35/3082 119/3119
f 185/3117 119/3119 281/3118
f 281/3118 119/3119 229/3120
f 281/3118 229/3120 365/3121
f 365/3121 229/3120 344/3122
f 1578/3123 1714/3124 1656/3125
f 1167/3126 48/3127 1168/3128
f 1168/3128 48/3127 58/3129
f 1167/3130 1168/3131 1283/3132
f 1283/3132 1168/3131 1293/3133
f 1283/3132 1293/3133 1393/3134
f 1393/3134 1293/3133 1419/3135
f 1293/3133 1168/3131 1250/3136
f 1293/3133 1250/3136 1419/3135
f 1250/3136 1168/3131 1177/3137
f 1419/3135 1250/3136 1549/3138
f 1419/3135 1549/3138 1492/3139
f 1492/3139 1549/3138 1667/3140
f 1667/3140 1549/3138 1294/3141
f 1294/3141 1549/3138 1250/3136
f 1294/3141 1250/3136 1178/3142
f 48/3143 158/3144 58/3145
f 58/3145 158/3144 184/3146
f 58/3145 184/3146 17/3147
f 58/3145 17/3147 1168/3148
f 1168/3148 17/3147 1177/3149
f 17/3147 184/3146 314/3150
f 314/3150 184/3146 257/3151
f 314/3150 257/3151 431/3152
f 314/3150 431/3152 59/3153
f 933/3154 932/3155 912/3156
f 933/3154 912/3156 913/3157
f 896/3158 913/3157 858/3159
f 858/3159 913/3157 868/3160
f 868/3160 913/3157 912/3156
f 858/3159 868/3160 785/3161
f 868/3160 912/3156 867/3162
f 785/3161 868/3160 793/3163
f 793/3163 868/3160 867/3162
f 867/3162 912/3156 924/3164
f 785/3161 793/3163 682/3165
f 867/3162 924/3164 875/3166
f 682/3165 793/3163 662/3167
f 875/3166 924/3164 923/3168
f 682/3165 662/3167 559/3169
f 793/3163 867/3162 792/3170
f 792/3170 867/3162 875/3166
f 793/3163 792/3170 662/3167
f 875/3166 923/3168 874/3171
f 874/3171 923/3168 922/3172
f 792/3170 875/3166 791/3173
f 791/3173 875/3166 874/3171
f 662/3167 792/3170 661/3174
f 661/3174 792/3170 791/3173
f 791/3173 874/3171 790/3175
f 790/3175 874/3171 865/3176
f 790/3175 865/3176 789/3177
f 791/3173 790/3175 660/3178
f 791/3173 660/3178 661/3174
f 790/3175 789/3177 659/3179
f 790/3175 659/3179 660/3178
f 659/3179 789/3177 658/3180
f 659/3179 658/3180 518/3181
f 659/3179 518/3181 519/3182
f 659/3179 519/3182 660/3178
f 519/3182 518/3181 315/3183
f 520/3184 661/3174 660/3178
f 520/3184 660/3178 519/3182
f 519/3182 315/3183 316/3185
f 519/3182 316/3185 520/3184
f 316/3185 315/3183 126/3186
f 661/3174 520/3184 521/3187
f 520/3184 316/3185 317/3188
f 520/3184 317/3188 521/3187
f 317/3188 316/3185 127/3189
f 661/3174 521/3187 662/3167
f 317/3188 127/3189 128/3190
f 317/3188 128/3190 318/3191
f 317/3188 318/3191 521/3187
f 318/3191 128/3190 129/3192
f 662/3167 521/3187 522/3193
f 522/3193 521/3187 318/3191
f 662/3167 522/3193 559/3169
f 559/3169 522/3193 368/3194
f 522/3193 318/3191 319/3195
f 522/3193 319/3195 368/3194
f 319/3195 318/3191 129/3192
f 368/3194 319/3195 150/3196
f 319/3195 129/3192 130/3197
f 319/3195 130/3197 150/3196
f 2161/3198 2169/3199 2149/3200
f 924/3201 912/3202 932/3203
f 1393/3204 1419/3205 1443/3206
f 1443/3206 1419/3205 1492/3207
f 1443/3206 1492/3207 1473/3208
f 1473/3208 1492/3207 1508/3209
f 1508/3209 1492/3207 1667/3210
f 1473/3208 1508/3209 1466/3211
f 1466/3211 1508/3209 1474/3212
f 1250/3213 1177/3214 1178/3215
f 1178/3215 1177/3214 17/3216
f 1178/3215 17/3216 59/3217
f 59/3217 17/3216 314/3218
f 184/3219 158/3220 209/3221
f 184/3219 209/3221 257/3222
f 257/3222 209/3221 238/3223
f 257/3222 238/3223 273/3224
f 257/3222 273/3224 431/3225
f 273/3224 238/3223 232/3226
f 273/3224 232/3226 239/3227
f 273/3224 239/3227 355/3228
f 355/3228 239/3227 304/3229
f 304/3229 239/3227 223/3230
f 223/3230 239/3227 188/3231
f 223/3230 188/3231 109/3232
f 1353/3233 1301/3234 1268/3235
f 1268/3235 1301/3234 1174/3236
f 1268/3235 1174/3236 1171/3237
f 1171/3237 1174/3236 35/3238
f 35/3238 1174/3236 66/3239
f 35/3238 66/3239 119/3240
f 1444/3241 1427/3242 1402/3243
f 1402/3243 1427/3242 1394/3244
f 1402/3243 1394/3244 1354/3245
f 1394/3244 1427/3242 1414/3246
f 1354/3245 1394/3244 1349/3247
f 1354/3245 1349/3247 1249/3248
f 1394/3244 1414/3246 1376/3249
f 1394/3244 1376/3249 1349/3247
f 1376/3249 1414/3246 1368/3250
f 1368/3250 1414/3246 1404/3251
f 1349/3247 1376/3249 1339/3252
f 1339/3252 1376/3249 1368/3250
f 1249/3248 1349/3247 1244/3253
f 1244/3253 1349/3247 1339/3252
f 1249/3248 1244/3253 1176/3254
f 1249/3248 1176/3254 1172/3255
f 1172/3255 1176/3254 16/3256
f 1368/3250 1404/3251 1357/3257
f 1357/3257 1404/3251 1396/3258
f 1339/3252 1368/3250 1327/3259
f 1327/3259 1368/3250 1357/3257
f 1339/3252 1327/3259 1245/3260
f 1339/3252 1245/3260 1244/3253
f 1327/3259 1357/3257 1317/3261
f 1317/3261 1357/3257 1351/3262
f 1245/3260 1327/3259 1241/3263
f 1241/3263 1327/3259 1317/3261
f 1244/3253 1245/3260 1180/3264
f 1244/3253 1180/3264 1176/3254
f 1245/3260 1241/3263 1182/3265
f 1245/3260 1182/3265 1180/3264
f 1176/3254 1180/3264 11/3266
f 1176/3254 11/3266 16/3256
f 1180/3264 1182/3265 12/3267
f 1180/3264 12/3267 11/3266
f 16/3256 11/3266 115/3268
f 16/3256 115/3268 120/3269
f 11/3266 12/3267 105/3270
f 11/3266 105/3270 115/3268
f 12/3267 1182/3265 7/3271
f 120/3269 115/3268 159/3272
f 120/3269 159/3272 167/3273
f 115/3268 105/3270 142/3274
f 115/3268 142/3274 159/3272
f 159/3272 142/3274 179/3275
f 159/3272 179/3275 192/3276
f 179/3275 142/3274 134/3277
f 134/3277 142/3274 105/3270
f 179/3275 134/3277 169/3278
f 169/3278 134/3277 123/3279
f 134/3277 105/3270 93/3280
f 134/3277 93/3280 123/3279
f 93/3280 105/3270 12/3267
f 93/3280 12/3267 7/3271
f 123/3279 93/3280 83/3281
f 83/3281 93/3280 7/3271
f 123/3279 83/3281 117/3282
f 117/3282 83/3281 78/3283
f 117/3282 78/3283 112/3284
f 83/3281 7/3271 8/3285
f 83/3281 8/3285 78/3283
f 8/3285 7/3271 1187/3286
f 1187/3286 7/3271 1182/3265
f 1187/3286 1182/3265 1241/3263
f 112/3284 78/3283 70/3287
f 1187/3286 1241/3263 1242/3288
f 1242/3288 1241/3263 1317/3261
f 8/3285 1187/3286 1192/3289
f 1192/3289 1187/3286 1242/3288
f 4/3290 78/3283 8/3285
f 4/3290 8/3285 1192/3289
f 78/3283 4/3290 70/3287
f 1242/3288 1317/3261 1312/3291
f 1312/3291 1317/3261 1351/3262
f 1192/3289 1242/3288 1237/3292
f 1237/3292 1242/3288 1312/3291
f 4/3290 1192/3289 1195/3293
f 1195/3293 1192/3289 1237/3292
f 4/3290 1195/3293 5/3294
f 4/3290 5/3294 70/3287
f 1195/3293 1237/3292 1238/3295
f 1237/3292 1312/3291 1305/3296
f 1237/3292 1305/3296 1238/3295
f 1345/3297 1312/3291 1351/3262
f 1312/3291 1345/3297 1305/3296
f 1345/3297 1351/3262 1378/3298
f 1345/3297 1378/3298 1369/3299
f 1345/3297 1369/3299 1341/3300
f 1345/3297 1341/3300 1305/3296
f 1341/3300 1369/3299 1370/3301
s 0
f 1199/3302 1195/3293 1238/3295
f 1195/3293 1199/3302 5/3294
s 1
f 1239/3303 1238/3295 1305/3296
s 0
f 1238/3295 1239/3303 1199/3302
s 1
f 1305/3296 1341/3300 1302/3304
f 1305/3296 1302/3304 1239/3303
f 1341/3300 1370/3301 1328/3305
f 1341/3300 1328/3305 1302/3304
f 5/3294 1199/3302 6/3306
f 1239/3303 1302/3304 1243/3307
f 1243/3307 1302/3304 1328/3305
f 1201/3308 1199/3302 1239/3303
f 1201/3308 1239/3303 1243/3307
f 1199/3302 1201/3308 6/3306
f 5/3294 6/3306 70/3287
f 1243/3307 1328/3305 1246/3309
f 1201/3308 1243/3307 1200/3310
f 1200/3310 1243/3307 1246/3309
f 1246/3309 1328/3305 1340/3311
f 1340/3311 1328/3305 1370/3301
f 6/3306 1201/3308 9/3312
f 9/3312 1201/3308 1200/3310
f 67/3313 70/3287 6/3306
f 67/3313 6/3306 9/3312
f 70/3287 67/3313 107/3314
f 70/3287 107/3314 112/3284
f 112/3284 107/3314 135/3315
f 135/3315 107/3314 136/3316
f 107/3314 67/3313 94/3317
f 94/3317 67/3313 9/3312
f 107/3314 94/3317 136/3316
f 94/3317 9/3312 13/3318
f 13/3318 9/3312 1200/3310
f 136/3316 94/3317 106/3319
f 106/3319 94/3317 13/3318
f 136/3316 106/3319 145/3320
f 13/3318 1200/3310 1198/3321
f 1198/3321 1200/3310 1246/3309
f 106/3319 13/3318 20/3322
f 20/3322 13/3318 1198/3321
f 145/3320 106/3319 111/3323
f 111/3323 106/3319 20/3322
f 145/3320 111/3323 162/3324
f 170/3325 193/3326 162/3324
f 170/3325 162/3324 116/3327
f 116/3327 162/3324 111/3323
f 116/3327 111/3323 19/3328
f 19/3328 111/3323 20/3322
f 116/3327 19/3328 25/3329
f 25/3329 19/3328 1190/3330
f 19/3328 20/3322 1194/3331
f 19/3328 1194/3331 1190/3330
f 1194/3331 20/3322 1198/3321
f 1190/3330 1194/3331 1252/3332
f 1190/3330 1252/3332 1258/3333
f 1194/3331 1198/3321 1253/3334
f 1194/3331 1253/3334 1252/3332
f 1253/3334 1198/3321 1246/3309
f 1258/3333 1252/3332 1350/3335
f 1253/3334 1246/3309 1340/3311
f 1252/3332 1253/3334 1344/3336
f 1344/3336 1253/3334 1340/3311
f 1252/3332 1344/3336 1350/3335
f 1344/3336 1340/3311 1379/3337
f 1379/3337 1340/3311 1370/3301
f 1379/3337 1370/3301 1438/3338
f 1344/3336 1379/3337 1397/3339
f 1344/3336 1397/3339 1350/3335
f 1397/3339 1379/3337 1436/3340
f 1350/3335 1397/3339 1405/3341
f 1405/3341 1397/3339 1428/3342
f 1405/3341 1428/3342 1415/3343
f 1864/3344 1893/3345 1738/3346
f 629/3347 503/3348 658/3349
f 629/3350 658/3351 773/3352
f 167/3353 159/3354 192/3355
f 167/3356 192/3357 210/3358
f 1508/3359 1667/3360 1590/3361
f 1508/3359 1590/3361 1474/3362
f 431/3363 273/3364 355/3365
f 431/3366 355/3367 149/3368
f 149/3368 355/3367 1207/3369
f 1207/3369 355/3367 304/3370
f 1207/3369 304/3370 151/3371
f 1207/3369 151/3371 1208/3372
f 1208/3372 151/3371 1209/3373
f 431/3374 149/3375 59/3376
f 430/3377 502/3378 429/3379
f 430/3377 429/3379 367/3380
f 1495/3381 1356/3382 1395/3383
f 1191/3384 1359/3385 1360/3386
f 1360/3386 1359/3385 1550/3387
f 1550/3387 1359/3385 1538/3388
f 1550/3387 1538/3388 1753/3389
f 1551/3390 1361/3391 1360/3386
f 1360/3386 1361/3391 1193/3392
f 1360/3386 1193/3392 1191/3384
f 1193/3392 1361/3391 1196/3393
f 1193/3392 1196/3393 127/3394
f 1191/3384 1193/3392 126/3395
f 126/3395 1193/3392 127/3394
f 126/3395 127/3394 316/3396
f 1191/3384 126/3395 125/3397
f 125/3397 126/3395 315/3398
f 125/3397 315/3398 303/3399
f 303/3399 315/3398 518/3400
f 239/3401 232/3402 188/3403
f 1474/3404 1590/3405 1539/3406
f 1474/3404 1539/3406 1457/3407
f 1474/3404 1457/3407 1423/3408
f 1474/3409 1423/3410 1466/3411
f 160/3412 121/3413 44/3414
f 44/3414 121/3413 1183/3415
f 160/3412 44/3414 29/3416
f 160/3412 29/3416 122/3417
f 122/3417 29/3416 24/3418
f 122/3417 24/3418 109/3419
f 24/3418 29/3416 1189/3420
f 44/3414 1183/3415 1185/3421
f 29/3416 44/3414 1188/3422
f 1188/3422 44/3414 1185/3421
f 29/3416 1188/3422 1189/3420
f 1185/3421 1183/3415 1279/3423
f 1185/3421 1279/3423 1188/3422
f 1279/3423 1183/3415 1355/3424
f 1279/3423 1355/3424 1395/3425
f 1188/3422 1279/3423 1262/3426
f 1188/3422 1262/3426 1189/3420
f 1262/3426 1279/3423 1395/3425
f 1189/3420 1262/3426 1257/3427
f 1262/3426 1395/3425 1356/3428
f 1262/3426 1356/3428 1257/3427
f 1257/3427 1356/3428 1342/3429
f 1178/3430 59/3431 1184/3432
f 1184/3432 59/3431 1207/3433
f 1178/3430 1184/3432 1294/3434
f 1294/3434 1184/3432 1207/3433
f 1294/3434 1207/3433 1384/3435
f 1294/3434 1384/3435 1667/3436
f 1766/3437 1572/3438 1604/3439
f 1766/3437 1604/3439 1794/3440
f 1604/3439 1572/3438 1385/3441
f 1385/3441 1572/3438 1365/3442
f 1385/3441 1365/3442 1206/3443
f 1206/3443 1365/3442 1205/3444
f 1385/3441 1206/3443 1364/3445
f 1206/3443 1205/3444 131/3446
f 1206/3443 131/3446 150/3447
f 150/3447 131/3446 337/3448
f 150/3447 337/3448 368/3449
f 1206/3443 150/3447 130/3450
f 1364/3445 1206/3443 1204/3451
f 1204/3451 1206/3443 130/3450
f 1364/3445 1204/3451 1203/3452
f 1203/3452 1204/3451 130/3450
f 1364/3445 1203/3452 1363/3453
f 1203/3452 130/3450 129/3454
f 1363/3453 1203/3452 1202/3455
f 1202/3455 1203/3452 129/3454
f 1363/3453 1202/3455 1362/3456
f 1202/3455 129/3454 128/3457
f 1342/3458 1423/3459 1457/3460
f 1342/3461 1457/3462 1343/3463
f 1343/3463 1457/3462 1386/3464
f 1386/3464 1457/3462 1539/3465
f 1343/3463 1386/3464 1251/3466
f 1251/3466 1386/3464 1209/3467
f 1251/3466 1209/3467 1197/3468
f 1342/3469 1343/3470 1257/3471
f 1257/3471 1343/3470 1251/3472
f 1257/3471 1251/3472 1189/3473
f 1189/3473 1251/3472 1197/3474
f 1189/3473 1197/3474 18/3475
f 1189/3473 18/3475 24/3476
f 24/3476 18/3475 110/3477
f 24/3476 110/3477 109/3478
f 109/3479 110/3480 223/3481
f 223/3481 110/3480 151/3482
f 223/3481 151/3482 304/3483
f 151/3482 110/3480 18/3484
f 151/3482 18/3484 1209/3485
f 1209/3485 18/3484 1197/3486
f 1207/3487 59/3488 149/3489
f 1207/3490 1208/3491 1386/3492
f 1207/3490 1386/3492 1539/3493
f 1207/3490 1539/3493 1590/3494
f 1207/3490 1590/3494 1384/3495
f 1384/3495 1590/3494 1667/3496
f 1386/3497 1208/3498 1209/3499
f 1552/3500 1361/3501 1551/3502
f 1360/3503 1550/3504 1551/3505
f 135/3506 136/3507 202/3508
f 127/3509 1196/3510 128/3511
f 1196/3512 1361/3513 1362/3514
f 1196/3515 1362/3516 1202/3517
f 1196/3515 1202/3517 128/3518
